kotlin version: 2.0.10
error message: org.jetbrains.kotlin.backend.common.BackendException: Backend Internal error: Exception during IR lowering
File being compiled: /home/pushpull/Projects/graphite-android/app/src/main/java/com/syncodec/graphite/presentation/bucket/composable/screen/linkScreen/BucketLinkListScreen.kt
The root cause java.lang.RuntimeException was thrown at: org.jetbrains.kotlin.backend.jvm.codegen.FunctionCodegen.generate(FunctionCodegen.kt:50)
	at org.jetbrains.kotlin.backend.common.CodegenUtil.reportBackendException(CodegenUtil.kt:253)
	at org.jetbrains.kotlin.backend.common.CodegenUtil.reportBackendException$default(CodegenUtil.kt:236)
	at org.jetbrains.kotlin.backend.common.phaser.PerformByIrFilePhase.invokeSequential(performByIrFile.kt:65)
	at org.jetbrains.kotlin.backend.common.phaser.PerformByIrFilePhase.invoke(performByIrFile.kt:52)
	at org.jetbrains.kotlin.backend.common.phaser.PerformByIrFilePhase.invoke(performByIrFile.kt:38)
	at org.jetbrains.kotlin.backend.common.phaser.NamedCompilerPhase.phaseBody(CompilerPhase.kt:166)
	at org.jetbrains.kotlin.backend.common.phaser.AbstractNamedCompilerPhase.invoke(CompilerPhase.kt:113)
	at org.jetbrains.kotlin.backend.common.phaser.CompositePhase.invoke(PhaseBuilders.kt:29)
	at org.jetbrains.kotlin.backend.common.phaser.CompositePhase.invoke(PhaseBuilders.kt:16)
	at org.jetbrains.kotlin.backend.common.phaser.NamedCompilerPhase.phaseBody(CompilerPhase.kt:166)
	at org.jetbrains.kotlin.backend.common.phaser.AbstractNamedCompilerPhase.invoke(CompilerPhase.kt:113)
	at org.jetbrains.kotlin.backend.common.phaser.CompilerPhaseKt.invokeToplevel(CompilerPhase.kt:62)
	at org.jetbrains.kotlin.backend.jvm.JvmIrCodegenFactory.invokeCodegen(JvmIrCodegenFactory.kt:371)
	at org.jetbrains.kotlin.codegen.CodegenFactory.generateModule(CodegenFactory.kt:47)
	at org.jetbrains.kotlin.backend.jvm.JvmIrCodegenFactory.generateModuleInFrontendIRMode(JvmIrCodegenFactory.kt:433)
	at org.jetbrains.kotlin.cli.jvm.compiler.pipeline.JvmCompilerPipelineKt.generateCodeFromIr(jvmCompilerPipeline.kt:240)
	at org.jetbrains.kotlin.cli.jvm.compiler.pipeline.JvmCompilerPipelineKt.compileModulesUsingFrontendIrAndLightTree(jvmCompilerPipeline.kt:139)
	at org.jetbrains.kotlin.cli.jvm.K2JVMCompiler.doExecute(K2JVMCompiler.kt:155)
	at org.jetbrains.kotlin.cli.jvm.K2JVMCompiler.doExecute(K2JVMCompiler.kt:50)
	at org.jetbrains.kotlin.cli.common.CLICompiler.execImpl(CLICompiler.kt:104)
	at org.jetbrains.kotlin.cli.common.CLICompiler.execImpl(CLICompiler.kt:48)
	at org.jetbrains.kotlin.cli.common.CLITool.exec(CLITool.kt:101)
	at org.jetbrains.kotlin.incremental.IncrementalJvmCompilerRunner.runCompiler(IncrementalJvmCompilerRunner.kt:453)
	at org.jetbrains.kotlin.incremental.IncrementalJvmCompilerRunner.runCompiler(IncrementalJvmCompilerRunner.kt:62)
	at org.jetbrains.kotlin.incremental.IncrementalCompilerRunner.doCompile(IncrementalCompilerRunner.kt:506)
	at org.jetbrains.kotlin.incremental.IncrementalCompilerRunner.compileImpl(IncrementalCompilerRunner.kt:423)
	at org.jetbrains.kotlin.incremental.IncrementalCompilerRunner.compileNonIncrementally(IncrementalCompilerRunner.kt:301)
	at org.jetbrains.kotlin.incremental.IncrementalCompilerRunner.compile(IncrementalCompilerRunner.kt:129)
	at org.jetbrains.kotlin.daemon.CompileServiceImplBase.execIncrementalCompiler(CompileServiceImpl.kt:676)
	at org.jetbrains.kotlin.daemon.CompileServiceImplBase.access$execIncrementalCompiler(CompileServiceImpl.kt:92)
	at org.jetbrains.kotlin.daemon.CompileServiceImpl.compile(CompileServiceImpl.kt:1661)
	at java.base/jdk.internal.reflect.DirectMethodHandleAccessor.invoke(DirectMethodHandleAccessor.java:104)
	at java.base/java.lang.reflect.Method.invoke(Method.java:578)
	at java.rmi/sun.rmi.server.UnicastServerRef.dispatch(UnicastServerRef.java:360)
	at java.rmi/sun.rmi.transport.Transport$1.run(Transport.java:200)
	at java.rmi/sun.rmi.transport.Transport$1.run(Transport.java:197)
	at java.base/java.security.AccessController.doPrivileged(AccessController.java:712)
	at java.rmi/sun.rmi.transport.Transport.serviceCall(Transport.java:196)
	at java.rmi/sun.rmi.transport.tcp.TCPTransport.handleMessages(TCPTransport.java:598)
	at java.rmi/sun.rmi.transport.tcp.TCPTransport$ConnectionHandler.run0(TCPTransport.java:844)
	at java.rmi/sun.rmi.transport.tcp.TCPTransport$ConnectionHandler.lambda$run$0(TCPTransport.java:721)
	at java.base/java.security.AccessController.doPrivileged(AccessController.java:399)
	at java.rmi/sun.rmi.transport.tcp.TCPTransport$ConnectionHandler.run(TCPTransport.java:720)
	at java.base/java.util.concurrent.ThreadPoolExecutor.runWorker(ThreadPoolExecutor.java:1144)
	at java.base/java.util.concurrent.ThreadPoolExecutor$Worker.run(ThreadPoolExecutor.java:642)
	at java.base/java.lang.Thread.run(Thread.java:1589)
Caused by: java.lang.RuntimeException: Exception while generating code for:
FUN name:LinkItem visibility:private modality:FINAL <> (handleModifier:androidx.compose.ui.Modifier?, title:kotlin.String?, thumbnail:kotlin.String?, openGraphResult:com.kedia.ogparser.OpenGraphResult?, url:kotlin.String?, isLocked:kotlin.Boolean, isFavourite:kotlin.Boolean, isSelected:kotlin.Boolean, isDragging:kotlin.Boolean, onClick:kotlin.Function0<kotlin.Unit>?, onLongClick:kotlin.Function0<kotlin.Unit>?, $composer:androidx.compose.runtime.Composer?, $changed:kotlin.Int, $changed1:kotlin.Int, $default:kotlin.Int) returnType:kotlin.Unit
  annotations:
    Preview(name = <null>, group = <null>, apiLevel = <null>, widthDp = <null>, heightDp = <null>, locale = <null>, fontScale = <null>, showSystemUi = <null>, showBackground = <null>, backgroundColor = <null>, uiMode = <null>, device = <null>, wallpaper = <null>)
    OptIn(markerClass = [CLASS_REFERENCE 'CLASS IR_EXTERNAL_DECLARATION_STUB ANNOTATION_CLASS name:ExperimentalFoundationApi modality:OPEN visibility:public superTypes:[kotlin.Annotation]' type=kotlin.reflect.KClass<androidx.compose.foundation.ExperimentalFoundationApi>])
    Composable
    ComposableTarget(applier = "androidx.compose.ui.UiComposable")
  VALUE_PARAMETER name:handleModifier index:0 type:androidx.compose.ui.Modifier? [assignable]
  VALUE_PARAMETER name:title index:1 type:kotlin.String? [assignable]
  VALUE_PARAMETER name:thumbnail index:2 type:kotlin.String? [assignable]
  VALUE_PARAMETER name:openGraphResult index:3 type:com.kedia.ogparser.OpenGraphResult? [assignable]
  VALUE_PARAMETER name:url index:4 type:kotlin.String? [assignable]
  VALUE_PARAMETER name:isLocked index:5 type:kotlin.Boolean [assignable]
  VALUE_PARAMETER name:isFavourite index:6 type:kotlin.Boolean [assignable]
  VALUE_PARAMETER name:isSelected index:7 type:kotlin.Boolean [assignable]
  VALUE_PARAMETER name:isDragging index:8 type:kotlin.Boolean [assignable]
  VALUE_PARAMETER name:onClick index:9 type:kotlin.Function0<kotlin.Unit>? [assignable]
  VALUE_PARAMETER name:onLongClick index:10 type:kotlin.Function0<kotlin.Unit>? [assignable]
  VALUE_PARAMETER name:$composer index:11 type:androidx.compose.runtime.Composer? [assignable]
  VALUE_PARAMETER name:$changed index:12 type:kotlin.Int
  VALUE_PARAMETER name:$changed1 index:13 type:kotlin.Int
  VALUE_PARAMETER MASK_FOR_DEFAULT_FUNCTION name:$default index:14 type:kotlin.Int
  BLOCK_BODY
    SET_VAR '$composer: androidx.compose.runtime.Composer? [assignable] declared in com.syncodec.graphite.presentation.bucket.composable.screen.linkScreen.BucketLinkListScreenKt.LinkItem' type=kotlin.Unit origin=null
      CALL 'public abstract fun startRestartGroup (key: kotlin.Int): androidx.compose.runtime.Composer declared in androidx.compose.runtime.Composer' type=androidx.compose.runtime.Composer origin=null
        $this: GET_VAR '$composer: androidx.compose.runtime.Composer? [assignable] declared in com.syncodec.graphite.presentation.bucket.composable.screen.linkScreen.BucketLinkListScreenKt.LinkItem' type=androidx.compose.runtime.Composer? origin=null
        key: CONST Int type=kotlin.Int value=667468210
    VAR name:$dirty type:kotlin.Int [val]
      GET_VAR '$changed: kotlin.Int declared in com.syncodec.graphite.presentation.bucket.composable.screen.linkScreen.BucketLinkListScreenKt.LinkItem' type=kotlin.Int origin=null
    VAR name:$dirty1 type:kotlin.Int [val]
      GET_VAR '$changed1: kotlin.Int declared in com.syncodec.graphite.presentation.bucket.composable.screen.linkScreen.BucketLinkListScreenKt.LinkItem' type=kotlin.Int origin=null
    WHEN type=kotlin.Unit origin=IF
      BRANCH
        if: CALL 'public final fun not (): kotlin.Boolean [operator] declared in kotlin.Boolean' type=kotlin.Boolean origin=null
          $this: CALL 'public final fun EQEQ (arg0: kotlin.Any?, arg1: kotlin.Any?): kotlin.Boolean declared in kotlin.internal.ir' type=kotlin.Boolean origin=null
            arg0: CALL 'public final fun and (other: kotlin.Int): kotlin.Int [infix] declared in kotlin.Int' type=kotlin.Int origin=null
              $this: GET_VAR '$default: kotlin.Int declared in com.syncodec.graphite.presentation.bucket.composable.screen.linkScreen.BucketLinkListScreenKt.LinkItem' type=kotlin.Int origin=null
              other: CONST Int type=kotlin.Int value=1
            arg1: CONST Int type=kotlin.Int value=0
        then: SET_VAR 'val $dirty: kotlin.Int [val] declared in com.syncodec.graphite.presentation.bucket.composable.screen.linkScreen.BucketLinkListScreenKt.LinkItem' type=kotlin.Unit origin=null
          CALL 'public final fun or (other: kotlin.Int): kotlin.Int [infix] declared in kotlin.Int' type=kotlin.Int origin=null
            $this: GET_VAR 'val $dirty: kotlin.Int [val] declared in com.syncodec.graphite.presentation.bucket.composable.screen.linkScreen.BucketLinkListScreenKt.LinkItem' type=kotlin.Int origin=null
            other: CONST Int type=kotlin.Int value=6
      BRANCH
        if: CALL 'public final fun EQEQ (arg0: kotlin.Any?, arg1: kotlin.Any?): kotlin.Boolean declared in kotlin.internal.ir' type=kotlin.Boolean origin=null
          arg0: CALL 'public final fun and (other: kotlin.Int): kotlin.Int [infix] declared in kotlin.Int' type=kotlin.Int origin=null
            $this: GET_VAR '$changed: kotlin.Int declared in com.syncodec.graphite.presentation.bucket.composable.screen.linkScreen.BucketLinkListScreenKt.LinkItem' type=kotlin.Int origin=null
            other: CONST Int type=kotlin.Int value=14
          arg1: CONST Int type=kotlin.Int value=0
        then: SET_VAR 'val $dirty: kotlin.Int [val] declared in com.syncodec.graphite.presentation.bucket.composable.screen.linkScreen.BucketLinkListScreenKt.LinkItem' type=kotlin.Unit origin=null
          CALL 'public final fun or (other: kotlin.Int): kotlin.Int [infix] declared in kotlin.Int' type=kotlin.Int origin=null
            $this: GET_VAR 'val $dirty: kotlin.Int [val] declared in com.syncodec.graphite.presentation.bucket.composable.screen.linkScreen.BucketLinkListScreenKt.LinkItem' type=kotlin.Int origin=null
            other: WHEN type=kotlin.Int origin=IF
              BRANCH
                if: CALL 'public abstract fun changed (value: kotlin.Any?): kotlin.Boolean declared in androidx.compose.runtime.Composer' type=kotlin.Boolean origin=null
                  $this: GET_VAR '$composer: androidx.compose.runtime.Composer? [assignable] declared in com.syncodec.graphite.presentation.bucket.composable.screen.linkScreen.BucketLinkListScreenKt.LinkItem' type=androidx.compose.runtime.Composer? origin=null
                  value: GET_VAR 'handleModifier: androidx.compose.ui.Modifier? [assignable] declared in com.syncodec.graphite.presentation.bucket.composable.screen.linkScreen.BucketLinkListScreenKt.LinkItem' type=androidx.compose.ui.Modifier? origin=null
                then: CONST Int type=kotlin.Int value=4
              BRANCH
                if: CONST Boolean type=kotlin.Boolean value=true
                then: CONST Int type=kotlin.Int value=2
    WHEN type=kotlin.Unit origin=IF
      BRANCH
        if: CALL 'public final fun not (): kotlin.Boolean [operator] declared in kotlin.Boolean' type=kotlin.Boolean origin=null
          $this: CALL 'public final fun EQEQ (arg0: kotlin.Any?, arg1: kotlin.Any?): kotlin.Boolean declared in kotlin.internal.ir' type=kotlin.Boolean origin=null
            arg0: CALL 'public final fun and (other: kotlin.Int): kotlin.Int [infix] declared in kotlin.Int' type=kotlin.Int origin=null
              $this: GET_VAR '$default: kotlin.Int declared in com.syncodec.graphite.presentation.bucket.composable.screen.linkScreen.BucketLinkListScreenKt.LinkItem' type=kotlin.Int origin=null
              other: CONST Int type=kotlin.Int value=2
            arg1: CONST Int type=kotlin.Int value=0
        then: SET_VAR 'val $dirty: kotlin.Int [val] declared in com.syncodec.graphite.presentation.bucket.composable.screen.linkScreen.BucketLinkListScreenKt.LinkItem' type=kotlin.Unit origin=null
          CALL 'public final fun or (other: kotlin.Int): kotlin.Int [infix] declared in kotlin.Int' type=kotlin.Int origin=null
            $this: GET_VAR 'val $dirty: kotlin.Int [val] declared in com.syncodec.graphite.presentation.bucket.composable.screen.linkScreen.BucketLinkListScreenKt.LinkItem' type=kotlin.Int origin=null
            other: CONST Int type=kotlin.Int value=48
      BRANCH
        if: CALL 'public final fun EQEQ (arg0: kotlin.Any?, arg1: kotlin.Any?): kotlin.Boolean declared in kotlin.internal.ir' type=kotlin.Boolean origin=null
          arg0: CALL 'public final fun and (other: kotlin.Int): kotlin.Int [infix] declared in kotlin.Int' type=kotlin.Int origin=null
            $this: GET_VAR '$changed: kotlin.Int declared in com.syncodec.graphite.presentation.bucket.composable.screen.linkScreen.BucketLinkListScreenKt.LinkItem' type=kotlin.Int origin=null
            other: CONST Int type=kotlin.Int value=112
          arg1: CONST Int type=kotlin.Int value=0
        then: SET_VAR 'val $dirty: kotlin.Int [val] declared in com.syncodec.graphite.presentation.bucket.composable.screen.linkScreen.BucketLinkListScreenKt.LinkItem' type=kotlin.Unit origin=null
          CALL 'public final fun or (other: kotlin.Int): kotlin.Int [infix] declared in kotlin.Int' type=kotlin.Int origin=null
            $this: GET_VAR 'val $dirty: kotlin.Int [val] declared in com.syncodec.graphite.presentation.bucket.composable.screen.linkScreen.BucketLinkListScreenKt.LinkItem' type=kotlin.Int origin=null
            other: WHEN type=kotlin.Int origin=IF
              BRANCH
                if: CALL 'public abstract fun changed (value: kotlin.Any?): kotlin.Boolean declared in androidx.compose.runtime.Composer' type=kotlin.Boolean origin=null
                  $this: GET_VAR '$composer: androidx.compose.runtime.Composer? [assignable] declared in com.syncodec.graphite.presentation.bucket.composable.screen.linkScreen.BucketLinkListScreenKt.LinkItem' type=androidx.compose.runtime.Composer? origin=null
                  value: GET_VAR 'title: kotlin.String? [assignable] declared in com.syncodec.graphite.presentation.bucket.composable.screen.linkScreen.BucketLinkListScreenKt.LinkItem' type=kotlin.String? origin=null
                then: CONST Int type=kotlin.Int value=32
              BRANCH
                if: CONST Boolean type=kotlin.Boolean value=true
                then: CONST Int type=kotlin.Int value=16
    WHEN type=kotlin.Unit origin=IF
      BRANCH
        if: CALL 'public final fun not (): kotlin.Boolean [operator] declared in kotlin.Boolean' type=kotlin.Boolean origin=null
          $this: CALL 'public final fun EQEQ (arg0: kotlin.Any?, arg1: kotlin.Any?): kotlin.Boolean declared in kotlin.internal.ir' type=kotlin.Boolean origin=null
            arg0: CALL 'public final fun and (other: kotlin.Int): kotlin.Int [infix] declared in kotlin.Int' type=kotlin.Int origin=null
              $this: GET_VAR '$default: kotlin.Int declared in com.syncodec.graphite.presentation.bucket.composable.screen.linkScreen.BucketLinkListScreenKt.LinkItem' type=kotlin.Int origin=null
              other: CONST Int type=kotlin.Int value=4
            arg1: CONST Int type=kotlin.Int value=0
        then: SET_VAR 'val $dirty: kotlin.Int [val] declared in com.syncodec.graphite.presentation.bucket.composable.screen.linkScreen.BucketLinkListScreenKt.LinkItem' type=kotlin.Unit origin=null
          CALL 'public final fun or (other: kotlin.Int): kotlin.Int [infix] declared in kotlin.Int' type=kotlin.Int origin=null
            $this: GET_VAR 'val $dirty: kotlin.Int [val] declared in com.syncodec.graphite.presentation.bucket.composable.screen.linkScreen.BucketLinkListScreenKt.LinkItem' type=kotlin.Int origin=null
            other: CONST Int type=kotlin.Int value=384
      BRANCH
        if: CALL 'public final fun EQEQ (arg0: kotlin.Any?, arg1: kotlin.Any?): kotlin.Boolean declared in kotlin.internal.ir' type=kotlin.Boolean origin=null
          arg0: CALL 'public final fun and (other: kotlin.Int): kotlin.Int [infix] declared in kotlin.Int' type=kotlin.Int origin=null
            $this: GET_VAR '$changed: kotlin.Int declared in com.syncodec.graphite.presentation.bucket.composable.screen.linkScreen.BucketLinkListScreenKt.LinkItem' type=kotlin.Int origin=null
            other: CONST Int type=kotlin.Int value=896
          arg1: CONST Int type=kotlin.Int value=0
        then: SET_VAR 'val $dirty: kotlin.Int [val] declared in com.syncodec.graphite.presentation.bucket.composable.screen.linkScreen.BucketLinkListScreenKt.LinkItem' type=kotlin.Unit origin=null
          CALL 'public final fun or (other: kotlin.Int): kotlin.Int [infix] declared in kotlin.Int' type=kotlin.Int origin=null
            $this: GET_VAR 'val $dirty: kotlin.Int [val] declared in com.syncodec.graphite.presentation.bucket.composable.screen.linkScreen.BucketLinkListScreenKt.LinkItem' type=kotlin.Int origin=null
            other: WHEN type=kotlin.Int origin=IF
              BRANCH
                if: CALL 'public abstract fun changed (value: kotlin.Any?): kotlin.Boolean declared in androidx.compose.runtime.Composer' type=kotlin.Boolean origin=null
                  $this: GET_VAR '$composer: androidx.compose.runtime.Composer? [assignable] declared in com.syncodec.graphite.presentation.bucket.composable.screen.linkScreen.BucketLinkListScreenKt.LinkItem' type=androidx.compose.runtime.Composer? origin=null
                  value: GET_VAR 'thumbnail: kotlin.String? [assignable] declared in com.syncodec.graphite.presentation.bucket.composable.screen.linkScreen.BucketLinkListScreenKt.LinkItem' type=kotlin.String? origin=null
                then: CONST Int type=kotlin.Int value=256
              BRANCH
                if: CONST Boolean type=kotlin.Boolean value=true
                then: CONST Int type=kotlin.Int value=128
    WHEN type=kotlin.Unit origin=IF
      BRANCH
        if: CALL 'public final fun not (): kotlin.Boolean [operator] declared in kotlin.Boolean' type=kotlin.Boolean origin=null
          $this: CALL 'public final fun EQEQ (arg0: kotlin.Any?, arg1: kotlin.Any?): kotlin.Boolean declared in kotlin.internal.ir' type=kotlin.Boolean origin=null
            arg0: CALL 'public final fun and (other: kotlin.Int): kotlin.Int [infix] declared in kotlin.Int' type=kotlin.Int origin=null
              $this: GET_VAR '$default: kotlin.Int declared in com.syncodec.graphite.presentation.bucket.composable.screen.linkScreen.BucketLinkListScreenKt.LinkItem' type=kotlin.Int origin=null
              other: CONST Int type=kotlin.Int value=8
            arg1: CONST Int type=kotlin.Int value=0
        then: SET_VAR 'val $dirty: kotlin.Int [val] declared in com.syncodec.graphite.presentation.bucket.composable.screen.linkScreen.BucketLinkListScreenKt.LinkItem' type=kotlin.Unit origin=null
          CALL 'public final fun or (other: kotlin.Int): kotlin.Int [infix] declared in kotlin.Int' type=kotlin.Int origin=null
            $this: GET_VAR 'val $dirty: kotlin.Int [val] declared in com.syncodec.graphite.presentation.bucket.composable.screen.linkScreen.BucketLinkListScreenKt.LinkItem' type=kotlin.Int origin=null
            other: CONST Int type=kotlin.Int value=1024
    WHEN type=kotlin.Unit origin=IF
      BRANCH
        if: CALL 'public final fun not (): kotlin.Boolean [operator] declared in kotlin.Boolean' type=kotlin.Boolean origin=null
          $this: CALL 'public final fun EQEQ (arg0: kotlin.Any?, arg1: kotlin.Any?): kotlin.Boolean declared in kotlin.internal.ir' type=kotlin.Boolean origin=null
            arg0: CALL 'public final fun and (other: kotlin.Int): kotlin.Int [infix] declared in kotlin.Int' type=kotlin.Int origin=null
              $this: GET_VAR '$default: kotlin.Int declared in com.syncodec.graphite.presentation.bucket.composable.screen.linkScreen.BucketLinkListScreenKt.LinkItem' type=kotlin.Int origin=null
              other: CONST Int type=kotlin.Int value=16
            arg1: CONST Int type=kotlin.Int value=0
        then: SET_VAR 'val $dirty: kotlin.Int [val] declared in com.syncodec.graphite.presentation.bucket.composable.screen.linkScreen.BucketLinkListScreenKt.LinkItem' type=kotlin.Unit origin=null
          CALL 'public final fun or (other: kotlin.Int): kotlin.Int [infix] declared in kotlin.Int' type=kotlin.Int origin=null
            $this: GET_VAR 'val $dirty: kotlin.Int [val] declared in com.syncodec.graphite.presentation.bucket.composable.screen.linkScreen.BucketLinkListScreenKt.LinkItem' type=kotlin.Int origin=null
            other: CONST Int type=kotlin.Int value=24576
      BRANCH
        if: CALL 'public final fun EQEQ (arg0: kotlin.Any?, arg1: kotlin.Any?): kotlin.Boolean declared in kotlin.internal.ir' type=kotlin.Boolean origin=null
          arg0: CALL 'public final fun and (other: kotlin.Int): kotlin.Int [infix] declared in kotlin.Int' type=kotlin.Int origin=null
            $this: GET_VAR '$changed: kotlin.Int declared in com.syncodec.graphite.presentation.bucket.composable.screen.linkScreen.BucketLinkListScreenKt.LinkItem' type=kotlin.Int origin=null
            other: CONST Int type=kotlin.Int value=57344
          arg1: CONST Int type=kotlin.Int value=0
        then: SET_VAR 'val $dirty: kotlin.Int [val] declared in com.syncodec.graphite.presentation.bucket.composable.screen.linkScreen.BucketLinkListScreenKt.LinkItem' type=kotlin.Unit origin=null
          CALL 'public final fun or (other: kotlin.Int): kotlin.Int [infix] declared in kotlin.Int' type=kotlin.Int origin=null
            $this: GET_VAR 'val $dirty: kotlin.Int [val] declared in com.syncodec.graphite.presentation.bucket.composable.screen.linkScreen.BucketLinkListScreenKt.LinkItem' type=kotlin.Int origin=null
            other: WHEN type=kotlin.Int origin=IF
              BRANCH
                if: CALL 'public abstract fun changed (value: kotlin.Any?): kotlin.Boolean declared in androidx.compose.runtime.Composer' type=kotlin.Boolean origin=null
                  $this: GET_VAR '$composer: androidx.compose.runtime.Composer? [assignable] declared in com.syncodec.graphite.presentation.bucket.composable.screen.linkScreen.BucketLinkListScreenKt.LinkItem' type=androidx.compose.runtime.Composer? origin=null
                  value: GET_VAR 'url: kotlin.String? [assignable] declared in com.syncodec.graphite.presentation.bucket.composable.screen.linkScreen.BucketLinkListScreenKt.LinkItem' type=kotlin.String? origin=null
                then: CONST Int type=kotlin.Int value=16384
              BRANCH
                if: CONST Boolean type=kotlin.Boolean value=true
                then: CONST Int type=kotlin.Int value=8192
    WHEN type=kotlin.Unit origin=IF
      BRANCH
        if: CALL 'public final fun not (): kotlin.Boolean [operator] declared in kotlin.Boolean' type=kotlin.Boolean origin=null
          $this: CALL 'public final fun EQEQ (arg0: kotlin.Any?, arg1: kotlin.Any?): kotlin.Boolean declared in kotlin.internal.ir' type=kotlin.Boolean origin=null
            arg0: CALL 'public final fun and (other: kotlin.Int): kotlin.Int [infix] declared in kotlin.Int' type=kotlin.Int origin=null
              $this: GET_VAR '$default: kotlin.Int declared in com.syncodec.graphite.presentation.bucket.composable.screen.linkScreen.BucketLinkListScreenKt.LinkItem' type=kotlin.Int origin=null
              other: CONST Int type=kotlin.Int value=32
            arg1: CONST Int type=kotlin.Int value=0
        then: SET_VAR 'val $dirty: kotlin.Int [val] declared in com.syncodec.graphite.presentation.bucket.composable.screen.linkScreen.BucketLinkListScreenKt.LinkItem' type=kotlin.Unit origin=null
          CALL 'public final fun or (other: kotlin.Int): kotlin.Int [infix] declared in kotlin.Int' type=kotlin.Int origin=null
            $this: GET_VAR 'val $dirty: kotlin.Int [val] declared in com.syncodec.graphite.presentation.bucket.composable.screen.linkScreen.BucketLinkListScreenKt.LinkItem' type=kotlin.Int origin=null
            other: CONST Int type=kotlin.Int value=196608
      BRANCH
        if: CALL 'public final fun EQEQ (arg0: kotlin.Any?, arg1: kotlin.Any?): kotlin.Boolean declared in kotlin.internal.ir' type=kotlin.Boolean origin=null
          arg0: CALL 'public final fun and (other: kotlin.Int): kotlin.Int [infix] declared in kotlin.Int' type=kotlin.Int origin=null
            $this: GET_VAR '$changed: kotlin.Int declared in com.syncodec.graphite.presentation.bucket.composable.screen.linkScreen.BucketLinkListScreenKt.LinkItem' type=kotlin.Int origin=null
            other: CONST Int type=kotlin.Int value=458752
          arg1: CONST Int type=kotlin.Int value=0
        then: SET_VAR 'val $dirty: kotlin.Int [val] declared in com.syncodec.graphite.presentation.bucket.composable.screen.linkScreen.BucketLinkListScreenKt.LinkItem' type=kotlin.Unit origin=null
          CALL 'public final fun or (other: kotlin.Int): kotlin.Int [infix] declared in kotlin.Int' type=kotlin.Int origin=null
            $this: GET_VAR 'val $dirty: kotlin.Int [val] declared in com.syncodec.graphite.presentation.bucket.composable.screen.linkScreen.BucketLinkListScreenKt.LinkItem' type=kotlin.Int origin=null
            other: WHEN type=kotlin.Int origin=IF
              BRANCH
                if: CALL 'public open fun changed (value: kotlin.Boolean): kotlin.Boolean declared in androidx.compose.runtime.Composer' type=kotlin.Boolean origin=null
                  $this: GET_VAR '$composer: androidx.compose.runtime.Composer? [assignable] declared in com.syncodec.graphite.presentation.bucket.composable.screen.linkScreen.BucketLinkListScreenKt.LinkItem' type=androidx.compose.runtime.Composer? origin=null
                  value: GET_VAR 'isLocked: kotlin.Boolean [assignable] declared in com.syncodec.graphite.presentation.bucket.composable.screen.linkScreen.BucketLinkListScreenKt.LinkItem' type=kotlin.Boolean origin=null
                then: CONST Int type=kotlin.Int value=131072
              BRANCH
                if: CONST Boolean type=kotlin.Boolean value=true
                then: CONST Int type=kotlin.Int value=65536
    WHEN type=kotlin.Unit origin=IF
      BRANCH
        if: CALL 'public final fun not (): kotlin.Boolean [operator] declared in kotlin.Boolean' type=kotlin.Boolean origin=null
          $this: CALL 'public final fun EQEQ (arg0: kotlin.Any?, arg1: kotlin.Any?): kotlin.Boolean declared in kotlin.internal.ir' type=kotlin.Boolean origin=null
            arg0: CALL 'public final fun and (other: kotlin.Int): kotlin.Int [infix] declared in kotlin.Int' type=kotlin.Int origin=null
              $this: GET_VAR '$default: kotlin.Int declared in com.syncodec.graphite.presentation.bucket.composable.screen.linkScreen.BucketLinkListScreenKt.LinkItem' type=kotlin.Int origin=null
              other: CONST Int type=kotlin.Int value=64
            arg1: CONST Int type=kotlin.Int value=0
        then: SET_VAR 'val $dirty: kotlin.Int [val] declared in com.syncodec.graphite.presentation.bucket.composable.screen.linkScreen.BucketLinkListScreenKt.LinkItem' type=kotlin.Unit origin=null
          CALL 'public final fun or (other: kotlin.Int): kotlin.Int [infix] declared in kotlin.Int' type=kotlin.Int origin=null
            $this: GET_VAR 'val $dirty: kotlin.Int [val] declared in com.syncodec.graphite.presentation.bucket.composable.screen.linkScreen.BucketLinkListScreenKt.LinkItem' type=kotlin.Int origin=null
            other: CONST Int type=kotlin.Int value=1572864
      BRANCH
        if: CALL 'public final fun EQEQ (arg0: kotlin.Any?, arg1: kotlin.Any?): kotlin.Boolean declared in kotlin.internal.ir' type=kotlin.Boolean origin=null
          arg0: CALL 'public final fun and (other: kotlin.Int): kotlin.Int [infix] declared in kotlin.Int' type=kotlin.Int origin=null
            $this: GET_VAR '$changed: kotlin.Int declared in com.syncodec.graphite.presentation.bucket.composable.screen.linkScreen.BucketLinkListScreenKt.LinkItem' type=kotlin.Int origin=null
            other: CONST Int type=kotlin.Int value=3670016
          arg1: CONST Int type=kotlin.Int value=0
        then: SET_VAR 'val $dirty: kotlin.Int [val] declared in com.syncodec.graphite.presentation.bucket.composable.screen.linkScreen.BucketLinkListScreenKt.LinkItem' type=kotlin.Unit origin=null
          CALL 'public final fun or (other: kotlin.Int): kotlin.Int [infix] declared in kotlin.Int' type=kotlin.Int origin=null
            $this: GET_VAR 'val $dirty: kotlin.Int [val] declared in com.syncodec.graphite.presentation.bucket.composable.screen.linkScreen.BucketLinkListScreenKt.LinkItem' type=kotlin.Int origin=null
            other: WHEN type=kotlin.Int origin=IF
              BRANCH
                if: CALL 'public open fun changed (value: kotlin.Boolean): kotlin.Boolean declared in androidx.compose.runtime.Composer' type=kotlin.Boolean origin=null
                  $this: GET_VAR '$composer: androidx.compose.runtime.Composer? [assignable] declared in com.syncodec.graphite.presentation.bucket.composable.screen.linkScreen.BucketLinkListScreenKt.LinkItem' type=androidx.compose.runtime.Composer? origin=null
                  value: GET_VAR 'isFavourite: kotlin.Boolean [assignable] declared in com.syncodec.graphite.presentation.bucket.composable.screen.linkScreen.BucketLinkListScreenKt.LinkItem' type=kotlin.Boolean origin=null
                then: CONST Int type=kotlin.Int value=1048576
              BRANCH
                if: CONST Boolean type=kotlin.Boolean value=true
                then: CONST Int type=kotlin.Int value=524288
    WHEN type=kotlin.Unit origin=IF
      BRANCH
        if: CALL 'public final fun not (): kotlin.Boolean [operator] declared in kotlin.Boolean' type=kotlin.Boolean origin=null
          $this: CALL 'public final fun EQEQ (arg0: kotlin.Any?, arg1: kotlin.Any?): kotlin.Boolean declared in kotlin.internal.ir' type=kotlin.Boolean origin=null
            arg0: CALL 'public final fun and (other: kotlin.Int): kotlin.Int [infix] declared in kotlin.Int' type=kotlin.Int origin=null
              $this: GET_VAR '$default: kotlin.Int declared in com.syncodec.graphite.presentation.bucket.composable.screen.linkScreen.BucketLinkListScreenKt.LinkItem' type=kotlin.Int origin=null
              other: CONST Int type=kotlin.Int value=128
            arg1: CONST Int type=kotlin.Int value=0
        then: SET_VAR 'val $dirty: kotlin.Int [val] declared in com.syncodec.graphite.presentation.bucket.composable.screen.linkScreen.BucketLinkListScreenKt.LinkItem' type=kotlin.Unit origin=null
          CALL 'public final fun or (other: kotlin.Int): kotlin.Int [infix] declared in kotlin.Int' type=kotlin.Int origin=null
            $this: GET_VAR 'val $dirty: kotlin.Int [val] declared in com.syncodec.graphite.presentation.bucket.composable.screen.linkScreen.BucketLinkListScreenKt.LinkItem' type=kotlin.Int origin=null
            other: CONST Int type=kotlin.Int value=12582912
      BRANCH
        if: CALL 'public final fun EQEQ (arg0: kotlin.Any?, arg1: kotlin.Any?): kotlin.Boolean declared in kotlin.internal.ir' type=kotlin.Boolean origin=null
          arg0: CALL 'public final fun and (other: kotlin.Int): kotlin.Int [infix] declared in kotlin.Int' type=kotlin.Int origin=null
            $this: GET_VAR '$changed: kotlin.Int declared in com.syncodec.graphite.presentation.bucket.composable.screen.linkScreen.BucketLinkListScreenKt.LinkItem' type=kotlin.Int origin=null
            other: CONST Int type=kotlin.Int value=29360128
          arg1: CONST Int type=kotlin.Int value=0
        then: SET_VAR 'val $dirty: kotlin.Int [val] declared in com.syncodec.graphite.presentation.bucket.composable.screen.linkScreen.BucketLinkListScreenKt.LinkItem' type=kotlin.Unit origin=null
          CALL 'public final fun or (other: kotlin.Int): kotlin.Int [infix] declared in kotlin.Int' type=kotlin.Int origin=null
            $this: GET_VAR 'val $dirty: kotlin.Int [val] declared in com.syncodec.graphite.presentation.bucket.composable.screen.linkScreen.BucketLinkListScreenKt.LinkItem' type=kotlin.Int origin=null
            other: WHEN type=kotlin.Int origin=IF
              BRANCH
                if: CALL 'public open fun changed (value: kotlin.Boolean): kotlin.Boolean declared in androidx.compose.runtime.Composer' type=kotlin.Boolean origin=null
                  $this: GET_VAR '$composer: androidx.compose.runtime.Composer? [assignable] declared in com.syncodec.graphite.presentation.bucket.composable.screen.linkScreen.BucketLinkListScreenKt.LinkItem' type=androidx.compose.runtime.Composer? origin=null
                  value: GET_VAR 'isSelected: kotlin.Boolean [assignable] declared in com.syncodec.graphite.presentation.bucket.composable.screen.linkScreen.BucketLinkListScreenKt.LinkItem' type=kotlin.Boolean origin=null
                then: CONST Int type=kotlin.Int value=8388608
              BRANCH
                if: CONST Boolean type=kotlin.Boolean value=true
                then: CONST Int type=kotlin.Int value=4194304
    WHEN type=kotlin.Unit origin=IF
      BRANCH
        if: CALL 'public final fun not (): kotlin.Boolean [operator] declared in kotlin.Boolean' type=kotlin.Boolean origin=null
          $this: CALL 'public final fun EQEQ (arg0: kotlin.Any?, arg1: kotlin.Any?): kotlin.Boolean declared in kotlin.internal.ir' type=kotlin.Boolean origin=null
            arg0: CALL 'public final fun and (other: kotlin.Int): kotlin.Int [infix] declared in kotlin.Int' type=kotlin.Int origin=null
              $this: GET_VAR '$default: kotlin.Int declared in com.syncodec.graphite.presentation.bucket.composable.screen.linkScreen.BucketLinkListScreenKt.LinkItem' type=kotlin.Int origin=null
              other: CONST Int type=kotlin.Int value=512
            arg1: CONST Int type=kotlin.Int value=0
        then: SET_VAR 'val $dirty: kotlin.Int [val] declared in com.syncodec.graphite.presentation.bucket.composable.screen.linkScreen.BucketLinkListScreenKt.LinkItem' type=kotlin.Unit origin=null
          CALL 'public final fun or (other: kotlin.Int): kotlin.Int [infix] declared in kotlin.Int' type=kotlin.Int origin=null
            $this: GET_VAR 'val $dirty: kotlin.Int [val] declared in com.syncodec.graphite.presentation.bucket.composable.screen.linkScreen.BucketLinkListScreenKt.LinkItem' type=kotlin.Int origin=null
            other: CONST Int type=kotlin.Int value=805306368
      BRANCH
        if: CALL 'public final fun EQEQ (arg0: kotlin.Any?, arg1: kotlin.Any?): kotlin.Boolean declared in kotlin.internal.ir' type=kotlin.Boolean origin=null
          arg0: CALL 'public final fun and (other: kotlin.Int): kotlin.Int [infix] declared in kotlin.Int' type=kotlin.Int origin=null
            $this: GET_VAR '$changed: kotlin.Int declared in com.syncodec.graphite.presentation.bucket.composable.screen.linkScreen.BucketLinkListScreenKt.LinkItem' type=kotlin.Int origin=null
            other: CONST Int type=kotlin.Int value=1879048192
          arg1: CONST Int type=kotlin.Int value=0
        then: SET_VAR 'val $dirty: kotlin.Int [val] declared in com.syncodec.graphite.presentation.bucket.composable.screen.linkScreen.BucketLinkListScreenKt.LinkItem' type=kotlin.Unit origin=null
          CALL 'public final fun or (other: kotlin.Int): kotlin.Int [infix] declared in kotlin.Int' type=kotlin.Int origin=null
            $this: GET_VAR 'val $dirty: kotlin.Int [val] declared in com.syncodec.graphite.presentation.bucket.composable.screen.linkScreen.BucketLinkListScreenKt.LinkItem' type=kotlin.Int origin=null
            other: WHEN type=kotlin.Int origin=IF
              BRANCH
                if: CALL 'public open fun changedInstance (value: kotlin.Any?): kotlin.Boolean declared in androidx.compose.runtime.Composer' type=kotlin.Boolean origin=null
                  $this: GET_VAR '$composer: androidx.compose.runtime.Composer? [assignable] declared in com.syncodec.graphite.presentation.bucket.composable.screen.linkScreen.BucketLinkListScreenKt.LinkItem' type=androidx.compose.runtime.Composer? origin=null
                  value: GET_VAR 'onClick: kotlin.Function0<kotlin.Unit>? [assignable] declared in com.syncodec.graphite.presentation.bucket.composable.screen.linkScreen.BucketLinkListScreenKt.LinkItem' type=kotlin.Function0<kotlin.Unit>? origin=null
                then: CONST Int type=kotlin.Int value=536870912
              BRANCH
                if: CONST Boolean type=kotlin.Boolean value=true
                then: CONST Int type=kotlin.Int value=268435456
    WHEN type=kotlin.Unit origin=IF
      BRANCH
        if: CALL 'public final fun not (): kotlin.Boolean [operator] declared in kotlin.Boolean' type=kotlin.Boolean origin=null
          $this: CALL 'public final fun EQEQ (arg0: kotlin.Any?, arg1: kotlin.Any?): kotlin.Boolean declared in kotlin.internal.ir' type=kotlin.Boolean origin=null
            arg0: CALL 'public final fun and (other: kotlin.Int): kotlin.Int [infix] declared in kotlin.Int' type=kotlin.Int origin=null
              $this: GET_VAR '$default: kotlin.Int declared in com.syncodec.graphite.presentation.bucket.composable.screen.linkScreen.BucketLinkListScreenKt.LinkItem' type=kotlin.Int origin=null
              other: CONST Int type=kotlin.Int value=1024
            arg1: CONST Int type=kotlin.Int value=0
        then: SET_VAR 'val $dirty1: kotlin.Int [val] declared in com.syncodec.graphite.presentation.bucket.composable.screen.linkScreen.BucketLinkListScreenKt.LinkItem' type=kotlin.Unit origin=null
          CALL 'public final fun or (other: kotlin.Int): kotlin.Int [infix] declared in kotlin.Int' type=kotlin.Int origin=null
            $this: GET_VAR 'val $dirty1: kotlin.Int [val] declared in com.syncodec.graphite.presentation.bucket.composable.screen.linkScreen.BucketLinkListScreenKt.LinkItem' type=kotlin.Int origin=null
            other: CONST Int type=kotlin.Int value=6
      BRANCH
        if: CALL 'public final fun EQEQ (arg0: kotlin.Any?, arg1: kotlin.Any?): kotlin.Boolean declared in kotlin.internal.ir' type=kotlin.Boolean origin=null
          arg0: CALL 'public final fun and (other: kotlin.Int): kotlin.Int [infix] declared in kotlin.Int' type=kotlin.Int origin=null
            $this: GET_VAR '$changed1: kotlin.Int declared in com.syncodec.graphite.presentation.bucket.composable.screen.linkScreen.BucketLinkListScreenKt.LinkItem' type=kotlin.Int origin=null
            other: CONST Int type=kotlin.Int value=14
          arg1: CONST Int type=kotlin.Int value=0
        then: SET_VAR 'val $dirty1: kotlin.Int [val] declared in com.syncodec.graphite.presentation.bucket.composable.screen.linkScreen.BucketLinkListScreenKt.LinkItem' type=kotlin.Unit origin=null
          CALL 'public final fun or (other: kotlin.Int): kotlin.Int [infix] declared in kotlin.Int' type=kotlin.Int origin=null
            $this: GET_VAR 'val $dirty1: kotlin.Int [val] declared in com.syncodec.graphite.presentation.bucket.composable.screen.linkScreen.BucketLinkListScreenKt.LinkItem' type=kotlin.Int origin=null
            other: WHEN type=kotlin.Int origin=IF
              BRANCH
                if: CALL 'public open fun changedInstance (value: kotlin.Any?): kotlin.Boolean declared in androidx.compose.runtime.Composer' type=kotlin.Boolean origin=null
                  $this: GET_VAR '$composer: androidx.compose.runtime.Composer? [assignable] declared in com.syncodec.graphite.presentation.bucket.composable.screen.linkScreen.BucketLinkListScreenKt.LinkItem' type=androidx.compose.runtime.Composer? origin=null
                  value: GET_VAR 'onLongClick: kotlin.Function0<kotlin.Unit>? [assignable] declared in com.syncodec.graphite.presentation.bucket.composable.screen.linkScreen.BucketLinkListScreenKt.LinkItem' type=kotlin.Function0<kotlin.Unit>? origin=null
                then: CONST Int type=kotlin.Int value=4
              BRANCH
                if: CONST Boolean type=kotlin.Boolean value=true
                then: CONST Int type=kotlin.Int value=2
    WHEN type=kotlin.Unit origin=IF
      BRANCH
        if: CALL 'public final fun OROR (arg0: kotlin.Boolean, arg1: kotlin.Boolean): kotlin.Boolean declared in kotlin.internal.ir' type=kotlin.Boolean origin=null
          arg0: CALL 'public final fun not (): kotlin.Boolean [operator] declared in kotlin.Boolean' type=kotlin.Boolean origin=null
            $this: CALL 'public final fun EQEQ (arg0: kotlin.Any?, arg1: kotlin.Any?): kotlin.Boolean declared in kotlin.internal.ir' type=kotlin.Boolean origin=null
              arg0: CALL 'public final fun and (other: kotlin.Int): kotlin.Int [infix] declared in kotlin.Int' type=kotlin.Int origin=null
                $this: GET_VAR '$default: kotlin.Int declared in com.syncodec.graphite.presentation.bucket.composable.screen.linkScreen.BucketLinkListScreenKt.LinkItem' type=kotlin.Int origin=null
                other: CONST Int type=kotlin.Int value=8
              arg1: CONST Int type=kotlin.Int value=8
          arg1: CALL 'public final fun OROR (arg0: kotlin.Boolean, arg1: kotlin.Boolean): kotlin.Boolean declared in kotlin.internal.ir' type=kotlin.Boolean origin=null
            arg0: CALL 'public final fun OROR (arg0: kotlin.Boolean, arg1: kotlin.Boolean): kotlin.Boolean declared in kotlin.internal.ir' type=kotlin.Boolean origin=null
              arg0: CALL 'public final fun not (): kotlin.Boolean [operator] declared in kotlin.Boolean' type=kotlin.Boolean origin=null
                $this: CALL 'public final fun EQEQ (arg0: kotlin.Any?, arg1: kotlin.Any?): kotlin.Boolean declared in kotlin.internal.ir' type=kotlin.Boolean origin=null
                  arg0: CALL 'public final fun and (other: kotlin.Int): kotlin.Int [infix] declared in kotlin.Int' type=kotlin.Int origin=null
                    $this: GET_VAR 'val $dirty: kotlin.Int [val] declared in com.syncodec.graphite.presentation.bucket.composable.screen.linkScreen.BucketLinkListScreenKt.LinkItem' type=kotlin.Int origin=null
                    other: CONST Int type=kotlin.Int value=1366144731
                  arg1: CONST Int type=kotlin.Int value=273228946
              arg1: CALL 'public final fun not (): kotlin.Boolean [operator] declared in kotlin.Boolean' type=kotlin.Boolean origin=null
                $this: CALL 'public final fun EQEQ (arg0: kotlin.Any?, arg1: kotlin.Any?): kotlin.Boolean declared in kotlin.internal.ir' type=kotlin.Boolean origin=null
                  arg0: CALL 'public final fun and (other: kotlin.Int): kotlin.Int [infix] declared in kotlin.Int' type=kotlin.Int origin=null
                    $this: GET_VAR 'val $dirty1: kotlin.Int [val] declared in com.syncodec.graphite.presentation.bucket.composable.screen.linkScreen.BucketLinkListScreenKt.LinkItem' type=kotlin.Int origin=null
                    other: CONST Int type=kotlin.Int value=11
                  arg1: CONST Int type=kotlin.Int value=2
            arg1: CALL 'public final fun not (): kotlin.Boolean [operator] declared in kotlin.Boolean' type=kotlin.Boolean origin=null
              $this: CALL 'public abstract fun <get-skipping> (): kotlin.Boolean declared in androidx.compose.runtime.Composer' type=kotlin.Boolean origin=null
                $this: GET_VAR '$composer: androidx.compose.runtime.Composer? [assignable] declared in com.syncodec.graphite.presentation.bucket.composable.screen.linkScreen.BucketLinkListScreenKt.LinkItem' type=androidx.compose.runtime.Composer? origin=null
        then: BLOCK type=kotlin.Unit origin=null
          WHEN type=kotlin.Unit origin=IF
            BRANCH
              if: CALL 'public final fun not (): kotlin.Boolean [operator] declared in kotlin.Boolean' type=kotlin.Boolean origin=null
                $this: CALL 'public final fun EQEQ (arg0: kotlin.Any?, arg1: kotlin.Any?): kotlin.Boolean declared in kotlin.internal.ir' type=kotlin.Boolean origin=null
                  arg0: CALL 'public final fun and (other: kotlin.Int): kotlin.Int [infix] declared in kotlin.Int' type=kotlin.Int origin=null
                    $this: GET_VAR '$default: kotlin.Int declared in com.syncodec.graphite.presentation.bucket.composable.screen.linkScreen.BucketLinkListScreenKt.LinkItem' type=kotlin.Int origin=null
                    other: CONST Int type=kotlin.Int value=1
                  arg1: CONST Int type=kotlin.Int value=0
              then: SET_VAR 'handleModifier: androidx.compose.ui.Modifier? [assignable] declared in com.syncodec.graphite.presentation.bucket.composable.screen.linkScreen.BucketLinkListScreenKt.LinkItem' type=kotlin.Unit origin=null
                GET_FIELD 'FIELD FIELD_FOR_OBJECT_INSTANCE name:Companion type:androidx.compose.ui.Modifier.Companion visibility:public [final,static]' type=androidx.compose.ui.Modifier.Companion origin=null
          WHEN type=kotlin.Unit origin=IF
            BRANCH
              if: CALL 'public final fun not (): kotlin.Boolean [operator] declared in kotlin.Boolean' type=kotlin.Boolean origin=null
                $this: CALL 'public final fun EQEQ (arg0: kotlin.Any?, arg1: kotlin.Any?): kotlin.Boolean declared in kotlin.internal.ir' type=kotlin.Boolean origin=null
                  arg0: CALL 'public final fun and (other: kotlin.Int): kotlin.Int [infix] declared in kotlin.Int' type=kotlin.Int origin=null
                    $this: GET_VAR '$default: kotlin.Int declared in com.syncodec.graphite.presentation.bucket.composable.screen.linkScreen.BucketLinkListScreenKt.LinkItem' type=kotlin.Int origin=null
                    other: CONST Int type=kotlin.Int value=2
                  arg1: CONST Int type=kotlin.Int value=0
              then: SET_VAR 'title: kotlin.String? [assignable] declared in com.syncodec.graphite.presentation.bucket.composable.screen.linkScreen.BucketLinkListScreenKt.LinkItem' type=kotlin.Unit origin=null
                CONST Null type=kotlin.Nothing? value=null
          WHEN type=kotlin.Unit origin=IF
            BRANCH
              if: CALL 'public final fun not (): kotlin.Boolean [operator] declared in kotlin.Boolean' type=kotlin.Boolean origin=null
                $this: CALL 'public final fun EQEQ (arg0: kotlin.Any?, arg1: kotlin.Any?): kotlin.Boolean declared in kotlin.internal.ir' type=kotlin.Boolean origin=null
                  arg0: CALL 'public final fun and (other: kotlin.Int): kotlin.Int [infix] declared in kotlin.Int' type=kotlin.Int origin=null
                    $this: GET_VAR '$default: kotlin.Int declared in com.syncodec.graphite.presentation.bucket.composable.screen.linkScreen.BucketLinkListScreenKt.LinkItem' type=kotlin.Int origin=null
                    other: CONST Int type=kotlin.Int value=4
                  arg1: CONST Int type=kotlin.Int value=0
              then: SET_VAR 'thumbnail: kotlin.String? [assignable] declared in com.syncodec.graphite.presentation.bucket.composable.screen.linkScreen.BucketLinkListScreenKt.LinkItem' type=kotlin.Unit origin=null
                CONST Null type=kotlin.Nothing? value=null
          WHEN type=kotlin.Unit origin=IF
            BRANCH
              if: CALL 'public final fun not (): kotlin.Boolean [operator] declared in kotlin.Boolean' type=kotlin.Boolean origin=null
                $this: CALL 'public final fun EQEQ (arg0: kotlin.Any?, arg1: kotlin.Any?): kotlin.Boolean declared in kotlin.internal.ir' type=kotlin.Boolean origin=null
                  arg0: CALL 'public final fun and (other: kotlin.Int): kotlin.Int [infix] declared in kotlin.Int' type=kotlin.Int origin=null
                    $this: GET_VAR '$default: kotlin.Int declared in com.syncodec.graphite.presentation.bucket.composable.screen.linkScreen.BucketLinkListScreenKt.LinkItem' type=kotlin.Int origin=null
                    other: CONST Int type=kotlin.Int value=8
                  arg1: CONST Int type=kotlin.Int value=0
              then: SET_VAR 'openGraphResult: com.kedia.ogparser.OpenGraphResult? [assignable] declared in com.syncodec.graphite.presentation.bucket.composable.screen.linkScreen.BucketLinkListScreenKt.LinkItem' type=kotlin.Unit origin=null
                CONST Null type=kotlin.Nothing? value=null
          WHEN type=kotlin.Unit origin=IF
            BRANCH
              if: CALL 'public final fun not (): kotlin.Boolean [operator] declared in kotlin.Boolean' type=kotlin.Boolean origin=null
                $this: CALL 'public final fun EQEQ (arg0: kotlin.Any?, arg1: kotlin.Any?): kotlin.Boolean declared in kotlin.internal.ir' type=kotlin.Boolean origin=null
                  arg0: CALL 'public final fun and (other: kotlin.Int): kotlin.Int [infix] declared in kotlin.Int' type=kotlin.Int origin=null
                    $this: GET_VAR '$default: kotlin.Int declared in com.syncodec.graphite.presentation.bucket.composable.screen.linkScreen.BucketLinkListScreenKt.LinkItem' type=kotlin.Int origin=null
                    other: CONST Int type=kotlin.Int value=16
                  arg1: CONST Int type=kotlin.Int value=0
              then: SET_VAR 'url: kotlin.String? [assignable] declared in com.syncodec.graphite.presentation.bucket.composable.screen.linkScreen.BucketLinkListScreenKt.LinkItem' type=kotlin.Unit origin=null
                CONST Null type=kotlin.Nothing? value=null
          WHEN type=kotlin.Unit origin=IF
            BRANCH
              if: CALL 'public final fun not (): kotlin.Boolean [operator] declared in kotlin.Boolean' type=kotlin.Boolean origin=null
                $this: CALL 'public final fun EQEQ (arg0: kotlin.Any?, arg1: kotlin.Any?): kotlin.Boolean declared in kotlin.internal.ir' type=kotlin.Boolean origin=null
                  arg0: CALL 'public final fun and (other: kotlin.Int): kotlin.Int [infix] declared in kotlin.Int' type=kotlin.Int origin=null
                    $this: GET_VAR '$default: kotlin.Int declared in com.syncodec.graphite.presentation.bucket.composable.screen.linkScreen.BucketLinkListScreenKt.LinkItem' type=kotlin.Int origin=null
                    other: CONST Int type=kotlin.Int value=32
                  arg1: CONST Int type=kotlin.Int value=0
              then: SET_VAR 'isLocked: kotlin.Boolean [assignable] declared in com.syncodec.graphite.presentation.bucket.composable.screen.linkScreen.BucketLinkListScreenKt.LinkItem' type=kotlin.Unit origin=null
                CONST Boolean type=kotlin.Boolean value=false
          WHEN type=kotlin.Unit origin=IF
            BRANCH
              if: CALL 'public final fun not (): kotlin.Boolean [operator] declared in kotlin.Boolean' type=kotlin.Boolean origin=null
                $this: CALL 'public final fun EQEQ (arg0: kotlin.Any?, arg1: kotlin.Any?): kotlin.Boolean declared in kotlin.internal.ir' type=kotlin.Boolean origin=null
                  arg0: CALL 'public final fun and (other: kotlin.Int): kotlin.Int [infix] declared in kotlin.Int' type=kotlin.Int origin=null
                    $this: GET_VAR '$default: kotlin.Int declared in com.syncodec.graphite.presentation.bucket.composable.screen.linkScreen.BucketLinkListScreenKt.LinkItem' type=kotlin.Int origin=null
                    other: CONST Int type=kotlin.Int value=64
                  arg1: CONST Int type=kotlin.Int value=0
              then: SET_VAR 'isFavourite: kotlin.Boolean [assignable] declared in com.syncodec.graphite.presentation.bucket.composable.screen.linkScreen.BucketLinkListScreenKt.LinkItem' type=kotlin.Unit origin=null
                CONST Boolean type=kotlin.Boolean value=true
          WHEN type=kotlin.Unit origin=IF
            BRANCH
              if: CALL 'public final fun not (): kotlin.Boolean [operator] declared in kotlin.Boolean' type=kotlin.Boolean origin=null
                $this: CALL 'public final fun EQEQ (arg0: kotlin.Any?, arg1: kotlin.Any?): kotlin.Boolean declared in kotlin.internal.ir' type=kotlin.Boolean origin=null
                  arg0: CALL 'public final fun and (other: kotlin.Int): kotlin.Int [infix] declared in kotlin.Int' type=kotlin.Int origin=null
                    $this: GET_VAR '$default: kotlin.Int declared in com.syncodec.graphite.presentation.bucket.composable.screen.linkScreen.BucketLinkListScreenKt.LinkItem' type=kotlin.Int origin=null
                    other: CONST Int type=kotlin.Int value=128
                  arg1: CONST Int type=kotlin.Int value=0
              then: SET_VAR 'isSelected: kotlin.Boolean [assignable] declared in com.syncodec.graphite.presentation.bucket.composable.screen.linkScreen.BucketLinkListScreenKt.LinkItem' type=kotlin.Unit origin=null
                CONST Boolean type=kotlin.Boolean value=false
          WHEN type=kotlin.Unit origin=IF
            BRANCH
              if: CALL 'public final fun not (): kotlin.Boolean [operator] declared in kotlin.Boolean' type=kotlin.Boolean origin=null
                $this: CALL 'public final fun EQEQ (arg0: kotlin.Any?, arg1: kotlin.Any?): kotlin.Boolean declared in kotlin.internal.ir' type=kotlin.Boolean origin=null
                  arg0: CALL 'public final fun and (other: kotlin.Int): kotlin.Int [infix] declared in kotlin.Int' type=kotlin.Int origin=null
                    $this: GET_VAR '$default: kotlin.Int declared in com.syncodec.graphite.presentation.bucket.composable.screen.linkScreen.BucketLinkListScreenKt.LinkItem' type=kotlin.Int origin=null
                    other: CONST Int type=kotlin.Int value=256
                  arg1: CONST Int type=kotlin.Int value=0
              then: SET_VAR 'isDragging: kotlin.Boolean [assignable] declared in com.syncodec.graphite.presentation.bucket.composable.screen.linkScreen.BucketLinkListScreenKt.LinkItem' type=kotlin.Unit origin=null
                CONST Boolean type=kotlin.Boolean value=false
          WHEN type=kotlin.Unit origin=IF
            BRANCH
              if: CALL 'public final fun not (): kotlin.Boolean [operator] declared in kotlin.Boolean' type=kotlin.Boolean origin=null
                $this: CALL 'public final fun EQEQ (arg0: kotlin.Any?, arg1: kotlin.Any?): kotlin.Boolean declared in kotlin.internal.ir' type=kotlin.Boolean origin=null
                  arg0: CALL 'public final fun and (other: kotlin.Int): kotlin.Int [infix] declared in kotlin.Int' type=kotlin.Int origin=null
                    $this: GET_VAR '$default: kotlin.Int declared in com.syncodec.graphite.presentation.bucket.composable.screen.linkScreen.BucketLinkListScreenKt.LinkItem' type=kotlin.Int origin=null
                    other: CONST Int type=kotlin.Int value=512
                  arg1: CONST Int type=kotlin.Int value=0
              then: SET_VAR 'onClick: kotlin.Function0<kotlin.Unit>? [assignable] declared in com.syncodec.graphite.presentation.bucket.composable.screen.linkScreen.BucketLinkListScreenKt.LinkItem' type=kotlin.Unit origin=null
                BLOCK type=kotlin.Function0<kotlin.Unit> origin=null
                  CALL 'public abstract fun startReplaceableGroup (key: kotlin.Int): kotlin.Unit declared in androidx.compose.runtime.Composer' type=kotlin.Unit origin=null
                    $this: GET_VAR '$composer: androidx.compose.runtime.Composer? [assignable] declared in com.syncodec.graphite.presentation.bucket.composable.screen.linkScreen.BucketLinkListScreenKt.LinkItem' type=androidx.compose.runtime.Composer? origin=null
                    key: CONST Int type=kotlin.Int value=1350445175
                  VAR IR_TEMPORARY_VARIABLE name:tmp0_group type:kotlin.Function0<kotlin.Unit> [val]
                    CALL 'public final fun cache <T> (invalid: kotlin.Boolean, block: @[DisallowComposableCalls] kotlin.Function0<T of androidx.compose.runtime.ComposerKt.cache>): T of androidx.compose.runtime.ComposerKt.cache [inline] declared in androidx.compose.runtime.ComposerKt' type=kotlin.Function0<kotlin.Unit> origin=null
                      <T>: kotlin.Function0<kotlin.Unit>
                      $receiver: GET_VAR '$composer: androidx.compose.runtime.Composer? [assignable] declared in com.syncodec.graphite.presentation.bucket.composable.screen.linkScreen.BucketLinkListScreenKt.LinkItem' type=androidx.compose.runtime.Composer? origin=null
                      invalid: CONST Boolean type=kotlin.Boolean value=false
                      block: BLOCK type=kotlin.Function0<kotlin.Function0<kotlin.Unit>> origin=LAMBDA
                        COMPOSITE type=kotlin.Unit origin=null
                        FUNCTION_REFERENCE 'private final fun LinkItem$lambda$19 (): kotlin.Function0<kotlin.Unit> declared in com.syncodec.graphite.presentation.bucket.composable.screen.linkScreen.BucketLinkListScreenKt' type=kotlin.Function0<kotlin.Function0<kotlin.Unit>> origin=INLINE_LAMBDA reflectionTarget=null
                  CALL 'public abstract fun endReplaceableGroup (): kotlin.Unit declared in androidx.compose.runtime.Composer' type=kotlin.Unit origin=null
                    $this: GET_VAR '$composer: androidx.compose.runtime.Composer? [assignable] declared in com.syncodec.graphite.presentation.bucket.composable.screen.linkScreen.BucketLinkListScreenKt.LinkItem' type=androidx.compose.runtime.Composer? origin=null
                  GET_VAR 'val tmp0_group: kotlin.Function0<kotlin.Unit> [val] declared in com.syncodec.graphite.presentation.bucket.composable.screen.linkScreen.BucketLinkListScreenKt.LinkItem' type=kotlin.Function0<kotlin.Unit> origin=null
          WHEN type=kotlin.Unit origin=IF
            BRANCH
              if: CALL 'public final fun not (): kotlin.Boolean [operator] declared in kotlin.Boolean' type=kotlin.Boolean origin=null
                $this: CALL 'public final fun EQEQ (arg0: kotlin.Any?, arg1: kotlin.Any?): kotlin.Boolean declared in kotlin.internal.ir' type=kotlin.Boolean origin=null
                  arg0: CALL 'public final fun and (other: kotlin.Int): kotlin.Int [infix] declared in kotlin.Int' type=kotlin.Int origin=null
                    $this: GET_VAR '$default: kotlin.Int declared in com.syncodec.graphite.presentation.bucket.composable.screen.linkScreen.BucketLinkListScreenKt.LinkItem' type=kotlin.Int origin=null
                    other: CONST Int type=kotlin.Int value=1024
                  arg1: CONST Int type=kotlin.Int value=0
              then: SET_VAR 'onLongClick: kotlin.Function0<kotlin.Unit>? [assignable] declared in com.syncodec.graphite.presentation.bucket.composable.screen.linkScreen.BucketLinkListScreenKt.LinkItem' type=kotlin.Unit origin=null
                BLOCK type=kotlin.Function0<kotlin.Unit> origin=null
                  CALL 'public abstract fun startReplaceableGroup (key: kotlin.Int): kotlin.Unit declared in androidx.compose.runtime.Composer' type=kotlin.Unit origin=null
                    $this: GET_VAR '$composer: androidx.compose.runtime.Composer? [assignable] declared in com.syncodec.graphite.presentation.bucket.composable.screen.linkScreen.BucketLinkListScreenKt.LinkItem' type=androidx.compose.runtime.Composer? origin=null
                    key: CONST Int type=kotlin.Int value=1350446199
                  VAR IR_TEMPORARY_VARIABLE name:tmp1_group type:kotlin.Function0<kotlin.Unit> [val]
                    CALL 'public final fun cache <T> (invalid: kotlin.Boolean, block: @[DisallowComposableCalls] kotlin.Function0<T of androidx.compose.runtime.ComposerKt.cache>): T of androidx.compose.runtime.ComposerKt.cache [inline] declared in androidx.compose.runtime.ComposerKt' type=kotlin.Function0<kotlin.Unit> origin=null
                      <T>: kotlin.Function0<kotlin.Unit>
                      $receiver: GET_VAR '$composer: androidx.compose.runtime.Composer? [assignable] declared in com.syncodec.graphite.presentation.bucket.composable.screen.linkScreen.BucketLinkListScreenKt.LinkItem' type=androidx.compose.runtime.Composer? origin=null
                      invalid: CONST Boolean type=kotlin.Boolean value=false
                      block: BLOCK type=kotlin.Function0<kotlin.Function0<kotlin.Unit>> origin=LAMBDA
                        COMPOSITE type=kotlin.Unit origin=null
                        FUNCTION_REFERENCE 'private final fun LinkItem$lambda$21 (): kotlin.Function0<kotlin.Unit> declared in com.syncodec.graphite.presentation.bucket.composable.screen.linkScreen.BucketLinkListScreenKt' type=kotlin.Function0<kotlin.Function0<kotlin.Unit>> origin=INLINE_LAMBDA reflectionTarget=null
                  CALL 'public abstract fun endReplaceableGroup (): kotlin.Unit declared in androidx.compose.runtime.Composer' type=kotlin.Unit origin=null
                    $this: GET_VAR '$composer: androidx.compose.runtime.Composer? [assignable] declared in com.syncodec.graphite.presentation.bucket.composable.screen.linkScreen.BucketLinkListScreenKt.LinkItem' type=androidx.compose.runtime.Composer? origin=null
                  GET_VAR 'val tmp1_group: kotlin.Function0<kotlin.Unit> [val] declared in com.syncodec.graphite.presentation.bucket.composable.screen.linkScreen.BucketLinkListScreenKt.LinkItem' type=kotlin.Function0<kotlin.Unit> origin=null
          VAR name:hapticFeedback type:androidx.compose.ui.hapticfeedback.HapticFeedback [val]
            CALL 'public final fun <get-current> ($composer: androidx.compose.runtime.Composer?, $changed: kotlin.Int): T of androidx.compose.runtime.CompositionLocal [inline] declared in androidx.compose.runtime.CompositionLocal' type=androidx.compose.ui.hapticfeedback.HapticFeedback origin=GET_PROPERTY
              $this: TYPE_OP type=androidx.compose.runtime.CompositionLocal<T of androidx.compose.runtime.CompositionLocal> origin=IMPLICIT_CAST typeOperand=androidx.compose.runtime.CompositionLocal<T of androidx.compose.runtime.CompositionLocal>
                CALL 'public final fun <get-LocalHapticFeedback> (): androidx.compose.runtime.ProvidableCompositionLocal<androidx.compose.ui.hapticfeedback.HapticFeedback> declared in androidx.compose.ui.platform.CompositionLocalsKt' type=androidx.compose.runtime.ProvidableCompositionLocal<androidx.compose.ui.hapticfeedback.HapticFeedback> origin=GET_PROPERTY
              $composer: GET_VAR '$composer: androidx.compose.runtime.Composer? [assignable] declared in com.syncodec.graphite.presentation.bucket.composable.screen.linkScreen.BucketLinkListScreenKt.LinkItem' type=androidx.compose.runtime.Composer? origin=null
              $changed: CONST Int type=kotlin.Int value=0
          VAR PROPERTY_DELEGATE name:containerColor$delegate type:androidx.compose.runtime.State<androidx.compose.ui.graphics.Color> [val]
            CALL 'public final fun animateColorAsState-euL9pac (targetValue: androidx.compose.ui.graphics.Color, animationSpec: androidx.compose.animation.core.AnimationSpec<androidx.compose.ui.graphics.Color>?, label: kotlin.String?, finishedListener: kotlin.Function1<androidx.compose.ui.graphics.Color, kotlin.Unit>?, $composer: androidx.compose.runtime.Composer?, $changed: kotlin.Int, $default: kotlin.Int): androidx.compose.runtime.State<androidx.compose.ui.graphics.Color> declared in androidx.compose.animation.SingleValueAnimationKt' type=androidx.compose.runtime.State<androidx.compose.ui.graphics.Color> origin=null
              targetValue: WHEN type=androidx.compose.ui.graphics.Color origin=IF
                BRANCH
                  if: GET_VAR 'isSelected: kotlin.Boolean [assignable] declared in com.syncodec.graphite.presentation.bucket.composable.screen.linkScreen.BucketLinkListScreenKt.LinkItem' type=kotlin.Boolean origin=null
                  then: BLOCK type=androidx.compose.ui.graphics.Color origin=null
                    CALL 'public abstract fun startReplaceableGroup (key: kotlin.Int): kotlin.Unit declared in androidx.compose.runtime.Composer' type=kotlin.Unit origin=null
                      $this: GET_VAR '$composer: androidx.compose.runtime.Composer? [assignable] declared in com.syncodec.graphite.presentation.bucket.composable.screen.linkScreen.BucketLinkListScreenKt.LinkItem' type=androidx.compose.runtime.Composer? origin=null
                      key: CONST Int type=kotlin.Int value=1350452328
                    VAR IR_TEMPORARY_VARIABLE name:tmp2_group type:androidx.compose.ui.graphics.Color [val]
                      CALL 'public final fun copy-wmQWz5c$default (arg0: androidx.compose.ui.graphics.Color, alpha: kotlin.Float, red: kotlin.Float, green: kotlin.Float, blue: kotlin.Float, $mask0: kotlin.Int, $handler: kotlin.Any?): androidx.compose.ui.graphics.Color declared in androidx.compose.ui.graphics.Color' type=androidx.compose.ui.graphics.Color origin=DEFAULT_DISPATCH_CALL
                        arg0: CALL 'public final fun surfaceColorAtElevation-3ABfNKs (elevation: androidx.compose.ui.unit.Dp): androidx.compose.ui.graphics.Color declared in androidx.compose.material3.ColorSchemeKt' type=androidx.compose.ui.graphics.Color origin=null
                          $receiver: CALL 'public final fun <get-colorScheme> ($composer: androidx.compose.runtime.Composer?, $changed: kotlin.Int): androidx.compose.material3.ColorScheme declared in androidx.compose.material3.MaterialTheme' type=androidx.compose.material3.ColorScheme origin=GET_PROPERTY
                            $this: GET_FIELD 'FIELD FIELD_FOR_OBJECT_INSTANCE name:INSTANCE type:androidx.compose.material3.MaterialTheme visibility:public [final,static]' type=androidx.compose.material3.MaterialTheme origin=null
                            $composer: GET_VAR '$composer: androidx.compose.runtime.Composer? [assignable] declared in com.syncodec.graphite.presentation.bucket.composable.screen.linkScreen.BucketLinkListScreenKt.LinkItem' type=androidx.compose.runtime.Composer? origin=null
                            $changed: GET_FIELD 'FIELD name:$stable type:kotlin.Int visibility:public [final,static]' type=kotlin.Int origin=null
                          elevation: CALL 'public final fun <get-dp> (): androidx.compose.ui.unit.Dp [inline] declared in androidx.compose.ui.unit.DpKt' type=androidx.compose.ui.unit.Dp origin=GET_PROPERTY
                            $receiver: CONST Int type=kotlin.Int value=8
                        alpha: CONST Float type=kotlin.Float value=0.47
                        red: COMPOSITE type=kotlin.Float origin=DEFAULT_VALUE
                          CONST Float type=kotlin.Float value=0.0
                        green: COMPOSITE type=kotlin.Float origin=DEFAULT_VALUE
                          CONST Float type=kotlin.Float value=0.0
                        blue: COMPOSITE type=kotlin.Float origin=DEFAULT_VALUE
                          CONST Float type=kotlin.Float value=0.0
                        $mask0: CONST Int type=kotlin.Int value=14
                        $handler: CONST Null type=kotlin.Any? value=null
                    CALL 'public abstract fun endReplaceableGroup (): kotlin.Unit declared in androidx.compose.runtime.Composer' type=kotlin.Unit origin=null
                      $this: GET_VAR '$composer: androidx.compose.runtime.Composer? [assignable] declared in com.syncodec.graphite.presentation.bucket.composable.screen.linkScreen.BucketLinkListScreenKt.LinkItem' type=androidx.compose.runtime.Composer? origin=null
                    GET_VAR 'val tmp2_group: androidx.compose.ui.graphics.Color [val] declared in com.syncodec.graphite.presentation.bucket.composable.screen.linkScreen.BucketLinkListScreenKt.LinkItem' type=androidx.compose.ui.graphics.Color origin=null
                BRANCH
                  if: CONST Boolean type=kotlin.Boolean value=true
                  then: BLOCK type=androidx.compose.ui.graphics.Color origin=null
                    CALL 'public abstract fun startReplaceableGroup (key: kotlin.Int): kotlin.Unit declared in androidx.compose.runtime.Composer' type=kotlin.Unit origin=null
                      $this: GET_VAR '$composer: androidx.compose.runtime.Composer? [assignable] declared in com.syncodec.graphite.presentation.bucket.composable.screen.linkScreen.BucketLinkListScreenKt.LinkItem' type=androidx.compose.runtime.Composer? origin=null
                      key: CONST Int type=kotlin.Int value=1350453951
                    VAR IR_TEMPORARY_VARIABLE name:tmp3_group type:androidx.compose.ui.graphics.Color [val]
                      CALL 'public final fun getBackground-0d7_KjU (): androidx.compose.ui.graphics.Color declared in androidx.compose.material3.ColorScheme' type=androidx.compose.ui.graphics.Color origin=GET_PROPERTY
                        $this: CALL 'public final fun <get-colorScheme> ($composer: androidx.compose.runtime.Composer?, $changed: kotlin.Int): androidx.compose.material3.ColorScheme declared in androidx.compose.material3.MaterialTheme' type=androidx.compose.material3.ColorScheme origin=GET_PROPERTY
                          $this: GET_FIELD 'FIELD FIELD_FOR_OBJECT_INSTANCE name:INSTANCE type:androidx.compose.material3.MaterialTheme visibility:public [final,static]' type=androidx.compose.material3.MaterialTheme origin=null
                          $composer: GET_VAR '$composer: androidx.compose.runtime.Composer? [assignable] declared in com.syncodec.graphite.presentation.bucket.composable.screen.linkScreen.BucketLinkListScreenKt.LinkItem' type=androidx.compose.runtime.Composer? origin=null
                          $changed: GET_FIELD 'FIELD name:$stable type:kotlin.Int visibility:public [final,static]' type=kotlin.Int origin=null
                    CALL 'public abstract fun endReplaceableGroup (): kotlin.Unit declared in androidx.compose.runtime.Composer' type=kotlin.Unit origin=null
                      $this: GET_VAR '$composer: androidx.compose.runtime.Composer? [assignable] declared in com.syncodec.graphite.presentation.bucket.composable.screen.linkScreen.BucketLinkListScreenKt.LinkItem' type=androidx.compose.runtime.Composer? origin=null
                    GET_VAR 'val tmp3_group: androidx.compose.ui.graphics.Color [val] declared in com.syncodec.graphite.presentation.bucket.composable.screen.linkScreen.BucketLinkListScreenKt.LinkItem' type=androidx.compose.ui.graphics.Color origin=null
              animationSpec: TYPE_OP type=androidx.compose.animation.core.TweenSpec<androidx.compose.ui.graphics.Color> origin=IMPLICIT_CAST typeOperand=androidx.compose.animation.core.TweenSpec<androidx.compose.ui.graphics.Color>
                CALL 'public final fun tween$default <T> (durationMillis: kotlin.Int, delayMillis: kotlin.Int, easing: androidx.compose.animation.core.Easing?, $mask0: kotlin.Int, $handler: kotlin.Any?): androidx.compose.animation.core.TweenSpec<T of androidx.compose.animation.core.AnimationSpecKt.tween$default> declared in androidx.compose.animation.core.AnimationSpecKt' type=androidx.compose.animation.core.TweenSpec<T of androidx.compose.animation.core.AnimationSpecKt.tween$default> origin=DEFAULT_DISPATCH_CALL
                  <T>: androidx.compose.ui.graphics.Color
                  durationMillis: CONST Int type=kotlin.Int value=300
                  delayMillis: COMPOSITE type=kotlin.Int origin=DEFAULT_VALUE
                    CONST Int type=kotlin.Int value=0
                  easing: COMPOSITE type=androidx.compose.animation.core.Easing? origin=DEFAULT_VALUE
                    CONST Null type=androidx.compose.animation.core.Easing? value=null
                  $mask0: CONST Int type=kotlin.Int value=6
                  $handler: CONST Null type=kotlin.Any? value=null
              label: COMPOSITE type=kotlin.Nothing? origin=DEFAULT_VALUE
                CONST Null type=kotlin.Nothing? value=null
              finishedListener: COMPOSITE type=kotlin.Nothing? origin=DEFAULT_VALUE
                CONST Null type=kotlin.Nothing? value=null
              $composer: GET_VAR '$composer: androidx.compose.runtime.Composer? [assignable] declared in com.syncodec.graphite.presentation.bucket.composable.screen.linkScreen.BucketLinkListScreenKt.LinkItem' type=androidx.compose.runtime.Composer? origin=null
              $changed: CONST Int type=kotlin.Int value=48
              $default: CONST Int type=kotlin.Int value=12
          VAR PROPERTY_DELEGATE name:contentColor$delegate type:androidx.compose.runtime.State<androidx.compose.ui.graphics.Color> [val]
            CALL 'public final fun animateColorAsState-euL9pac (targetValue: androidx.compose.ui.graphics.Color, animationSpec: androidx.compose.animation.core.AnimationSpec<androidx.compose.ui.graphics.Color>?, label: kotlin.String?, finishedListener: kotlin.Function1<androidx.compose.ui.graphics.Color, kotlin.Unit>?, $composer: androidx.compose.runtime.Composer?, $changed: kotlin.Int, $default: kotlin.Int): androidx.compose.runtime.State<androidx.compose.ui.graphics.Color> declared in androidx.compose.animation.SingleValueAnimationKt' type=androidx.compose.runtime.State<androidx.compose.ui.graphics.Color> origin=null
              targetValue: WHEN type=androidx.compose.ui.graphics.Color origin=IF
                BRANCH
                  if: GET_VAR 'isSelected: kotlin.Boolean [assignable] declared in com.syncodec.graphite.presentation.bucket.composable.screen.linkScreen.BucketLinkListScreenKt.LinkItem' type=kotlin.Boolean origin=null
                  then: BLOCK type=androidx.compose.ui.graphics.Color origin=null
                    CALL 'public abstract fun startReplaceableGroup (key: kotlin.Int): kotlin.Unit declared in androidx.compose.runtime.Composer' type=kotlin.Unit origin=null
                      $this: GET_VAR '$composer: androidx.compose.runtime.Composer? [assignable] declared in com.syncodec.graphite.presentation.bucket.composable.screen.linkScreen.BucketLinkListScreenKt.LinkItem' type=androidx.compose.runtime.Composer? origin=null
                      key: CONST Int type=kotlin.Int value=1350458558
                    VAR IR_TEMPORARY_VARIABLE name:tmp4_group type:androidx.compose.ui.graphics.Color [val]
                      CALL 'public final fun getOnSurface-0d7_KjU (): androidx.compose.ui.graphics.Color declared in androidx.compose.material3.ColorScheme' type=androidx.compose.ui.graphics.Color origin=GET_PROPERTY
                        $this: CALL 'public final fun <get-colorScheme> ($composer: androidx.compose.runtime.Composer?, $changed: kotlin.Int): androidx.compose.material3.ColorScheme declared in androidx.compose.material3.MaterialTheme' type=androidx.compose.material3.ColorScheme origin=GET_PROPERTY
                          $this: GET_FIELD 'FIELD FIELD_FOR_OBJECT_INSTANCE name:INSTANCE type:androidx.compose.material3.MaterialTheme visibility:public [final,static]' type=androidx.compose.material3.MaterialTheme origin=null
                          $composer: GET_VAR '$composer: androidx.compose.runtime.Composer? [assignable] declared in com.syncodec.graphite.presentation.bucket.composable.screen.linkScreen.BucketLinkListScreenKt.LinkItem' type=androidx.compose.runtime.Composer? origin=null
                          $changed: GET_FIELD 'FIELD name:$stable type:kotlin.Int visibility:public [final,static]' type=kotlin.Int origin=null
                    CALL 'public abstract fun endReplaceableGroup (): kotlin.Unit declared in androidx.compose.runtime.Composer' type=kotlin.Unit origin=null
                      $this: GET_VAR '$composer: androidx.compose.runtime.Composer? [assignable] declared in com.syncodec.graphite.presentation.bucket.composable.screen.linkScreen.BucketLinkListScreenKt.LinkItem' type=androidx.compose.runtime.Composer? origin=null
                    GET_VAR 'val tmp4_group: androidx.compose.ui.graphics.Color [val] declared in com.syncodec.graphite.presentation.bucket.composable.screen.linkScreen.BucketLinkListScreenKt.LinkItem' type=androidx.compose.ui.graphics.Color origin=null
                BRANCH
                  if: CONST Boolean type=kotlin.Boolean value=true
                  then: BLOCK type=androidx.compose.ui.graphics.Color origin=null
                    CALL 'public abstract fun startReplaceableGroup (key: kotlin.Int): kotlin.Unit declared in androidx.compose.runtime.Composer' type=kotlin.Unit origin=null
                      $this: GET_VAR '$composer: androidx.compose.runtime.Composer? [assignable] declared in com.syncodec.graphite.presentation.bucket.composable.screen.linkScreen.BucketLinkListScreenKt.LinkItem' type=androidx.compose.runtime.Composer? origin=null
                      key: CONST Int type=kotlin.Int value=1350459873
                    VAR IR_TEMPORARY_VARIABLE name:tmp5_group type:androidx.compose.ui.graphics.Color [val]
                      CALL 'public final fun getOnBackground-0d7_KjU (): androidx.compose.ui.graphics.Color declared in androidx.compose.material3.ColorScheme' type=androidx.compose.ui.graphics.Color origin=GET_PROPERTY
                        $this: CALL 'public final fun <get-colorScheme> ($composer: androidx.compose.runtime.Composer?, $changed: kotlin.Int): androidx.compose.material3.ColorScheme declared in androidx.compose.material3.MaterialTheme' type=androidx.compose.material3.ColorScheme origin=GET_PROPERTY
                          $this: GET_FIELD 'FIELD FIELD_FOR_OBJECT_INSTANCE name:INSTANCE type:androidx.compose.material3.MaterialTheme visibility:public [final,static]' type=androidx.compose.material3.MaterialTheme origin=null
                          $composer: GET_VAR '$composer: androidx.compose.runtime.Composer? [assignable] declared in com.syncodec.graphite.presentation.bucket.composable.screen.linkScreen.BucketLinkListScreenKt.LinkItem' type=androidx.compose.runtime.Composer? origin=null
                          $changed: GET_FIELD 'FIELD name:$stable type:kotlin.Int visibility:public [final,static]' type=kotlin.Int origin=null
                    CALL 'public abstract fun endReplaceableGroup (): kotlin.Unit declared in androidx.compose.runtime.Composer' type=kotlin.Unit origin=null
                      $this: GET_VAR '$composer: androidx.compose.runtime.Composer? [assignable] declared in com.syncodec.graphite.presentation.bucket.composable.screen.linkScreen.BucketLinkListScreenKt.LinkItem' type=androidx.compose.runtime.Composer? origin=null
                    GET_VAR 'val tmp5_group: androidx.compose.ui.graphics.Color [val] declared in com.syncodec.graphite.presentation.bucket.composable.screen.linkScreen.BucketLinkListScreenKt.LinkItem' type=androidx.compose.ui.graphics.Color origin=null
              animationSpec: TYPE_OP type=androidx.compose.animation.core.TweenSpec<androidx.compose.ui.graphics.Color> origin=IMPLICIT_CAST typeOperand=androidx.compose.animation.core.TweenSpec<androidx.compose.ui.graphics.Color>
                CALL 'public final fun tween$default <T> (durationMillis: kotlin.Int, delayMillis: kotlin.Int, easing: androidx.compose.animation.core.Easing?, $mask0: kotlin.Int, $handler: kotlin.Any?): androidx.compose.animation.core.TweenSpec<T of androidx.compose.animation.core.AnimationSpecKt.tween$default> declared in androidx.compose.animation.core.AnimationSpecKt' type=androidx.compose.animation.core.TweenSpec<T of androidx.compose.animation.core.AnimationSpecKt.tween$default> origin=DEFAULT_DISPATCH_CALL
                  <T>: androidx.compose.ui.graphics.Color
                  durationMillis: CONST Int type=kotlin.Int value=300
                  delayMillis: COMPOSITE type=kotlin.Int origin=DEFAULT_VALUE
                    CONST Int type=kotlin.Int value=0
                  easing: COMPOSITE type=androidx.compose.animation.core.Easing? origin=DEFAULT_VALUE
                    CONST Null type=androidx.compose.animation.core.Easing? value=null
                  $mask0: CONST Int type=kotlin.Int value=6
                  $handler: CONST Null type=kotlin.Any? value=null
              label: COMPOSITE type=kotlin.Nothing? origin=DEFAULT_VALUE
                CONST Null type=kotlin.Nothing? value=null
              finishedListener: COMPOSITE type=kotlin.Nothing? origin=DEFAULT_VALUE
                CONST Null type=kotlin.Nothing? value=null
              $composer: GET_VAR '$composer: androidx.compose.runtime.Composer? [assignable] declared in com.syncodec.graphite.presentation.bucket.composable.screen.linkScreen.BucketLinkListScreenKt.LinkItem' type=androidx.compose.runtime.Composer? origin=null
              $changed: CONST Int type=kotlin.Int value=48
              $default: CONST Int type=kotlin.Int value=12
          BLOCK type=kotlin.Unit origin=ARGUMENTS_REORDERING_FOR_CALL
            VAR IR_TEMPORARY_VARIABLE name:tmp592_contentAlignment type:androidx.compose.ui.Alignment [val]
              CALL 'public final fun <get-CenterStart> (): androidx.compose.ui.Alignment declared in androidx.compose.ui.Alignment.Companion' type=androidx.compose.ui.Alignment origin=GET_PROPERTY
                $this: GET_FIELD 'FIELD FIELD_FOR_OBJECT_INSTANCE name:Companion type:androidx.compose.ui.Alignment.Companion visibility:public [final,static]' type=androidx.compose.ui.Alignment.Companion origin=null
            VAR IR_TEMPORARY_VARIABLE name:tmp593_modifier type:androidx.compose.ui.Modifier [val]
              CALL 'public final fun combinedClickable-cJG_KMw$default (enabled: kotlin.Boolean, onClickLabel: kotlin.String?, role: androidx.compose.ui.semantics.Role?, onLongClickLabel: kotlin.String?, onLongClick: kotlin.Function0<kotlin.Unit>?, onDoubleClick: kotlin.Function0<kotlin.Unit>?, onClick: kotlin.Function0<kotlin.Unit>, $mask0: kotlin.Int, $handler: kotlin.Any?): androidx.compose.ui.Modifier declared in androidx.compose.foundation.ClickableKt' type=androidx.compose.ui.Modifier origin=DEFAULT_DISPATCH_CALL
                $receiver: CALL 'public final fun background-bw27NRU$default (color: androidx.compose.ui.graphics.Color, shape: androidx.compose.ui.graphics.Shape?, $mask0: kotlin.Int, $handler: kotlin.Any?): androidx.compose.ui.Modifier declared in androidx.compose.foundation.BackgroundKt' type=androidx.compose.ui.Modifier origin=DEFAULT_DISPATCH_CALL
                  $receiver: CALL 'public final fun height-3ABfNKs (height: androidx.compose.ui.unit.Dp): androidx.compose.ui.Modifier declared in androidx.compose.foundation.layout.SizeKt' type=androidx.compose.ui.Modifier origin=null
                    $receiver: CALL 'public final fun fillMaxWidth$default (fraction: kotlin.Float, $mask0: kotlin.Int, $handler: kotlin.Any?): androidx.compose.ui.Modifier declared in androidx.compose.foundation.layout.SizeKt' type=androidx.compose.ui.Modifier origin=DEFAULT_DISPATCH_CALL
                      $receiver: GET_FIELD 'FIELD FIELD_FOR_OBJECT_INSTANCE name:Companion type:androidx.compose.ui.Modifier.Companion visibility:public [final,static]' type=androidx.compose.ui.Modifier.Companion origin=null
                      fraction: COMPOSITE type=kotlin.Float origin=DEFAULT_VALUE
                        CONST Float type=kotlin.Float value=0.0
                      $mask0: CONST Int type=kotlin.Int value=1
                      $handler: CONST Null type=kotlin.Any? value=null
                    height: CALL 'public final fun <get-dp> (): androidx.compose.ui.unit.Dp [inline] declared in androidx.compose.ui.unit.DpKt' type=androidx.compose.ui.unit.Dp origin=GET_PROPERTY
                      $receiver: CONST Int type=kotlin.Int value=128
                  color: CALL 'private final fun LinkItem$lambda$22 ($containerColor$delegate: androidx.compose.runtime.State<androidx.compose.ui.graphics.Color>): androidx.compose.ui.graphics.Color declared in com.syncodec.graphite.presentation.bucket.composable.screen.linkScreen.BucketLinkListScreenKt' type=androidx.compose.ui.graphics.Color origin=GET_LOCAL_PROPERTY
                    $containerColor$delegate: GET_VAR 'val containerColor$delegate: androidx.compose.runtime.State<androidx.compose.ui.graphics.Color> [val] declared in com.syncodec.graphite.presentation.bucket.composable.screen.linkScreen.BucketLinkListScreenKt.LinkItem' type=androidx.compose.runtime.State<androidx.compose.ui.graphics.Color> origin=null
                  shape: COMPOSITE type=androidx.compose.ui.graphics.Shape? origin=DEFAULT_VALUE
                    CONST Null type=androidx.compose.ui.graphics.Shape? value=null
                  $mask0: CONST Int type=kotlin.Int value=2
                  $handler: CONST Null type=kotlin.Any? value=null
                enabled: CONST Boolean type=kotlin.Boolean value=true
                onClickLabel: COMPOSITE type=kotlin.String? origin=DEFAULT_VALUE
                  CONST Null type=kotlin.String? value=null
                role: COMPOSITE type=androidx.compose.ui.semantics.Role? origin=DEFAULT_VALUE
                  CONST Null type=androidx.compose.ui.semantics.Role? value=null
                onLongClickLabel: COMPOSITE type=kotlin.String? origin=DEFAULT_VALUE
                  CONST Null type=kotlin.String? value=null
                onLongClick: BLOCK type=kotlin.Function0<kotlin.Unit> origin=LAMBDA
                  COMPOSITE type=kotlin.Unit origin=null
                  CALL 'public final fun <jvm-indy> <T> (dynamicCall: T of kotlin.jvm.internal.<jvm-indy>, bootstrapMethodHandle: kotlin.Any, vararg bootstrapMethodArguments: kotlin.Any): T of kotlin.jvm.internal.<jvm-indy> declared in kotlin.jvm.internal' type=kotlin.Function0<kotlin.Unit> origin=null
                    <T>: kotlin.Function0<kotlin.Unit>
                    dynamicCall: CALL 'public final fun invoke (p0: androidx.compose.ui.hapticfeedback.HapticFeedback, p1: kotlin.Function0<kotlin.Unit>?): kotlin.Function0<kotlin.Unit> declared in kotlin.jvm.internal.invokeDynamic' type=kotlin.Function0<kotlin.Unit> origin=null
                      p0: GET_VAR 'val hapticFeedback: androidx.compose.ui.hapticfeedback.HapticFeedback [val] declared in com.syncodec.graphite.presentation.bucket.composable.screen.linkScreen.BucketLinkListScreenKt.LinkItem' type=androidx.compose.ui.hapticfeedback.HapticFeedback origin=null
                      p1: GET_VAR 'onLongClick: kotlin.Function0<kotlin.Unit>? [assignable] declared in com.syncodec.graphite.presentation.bucket.composable.screen.linkScreen.BucketLinkListScreenKt.LinkItem' type=kotlin.Function0<kotlin.Unit>? origin=null
                    bootstrapMethodHandle: CALL 'public final fun <jvm-method-handle> (tag: kotlin.Int, owner: kotlin.String, name: kotlin.String, descriptor: kotlin.String, isInterface: kotlin.Boolean): kotlin.Any declared in kotlin.jvm.internal' type=kotlin.Any origin=null
                      tag: CONST Int type=kotlin.Int value=6
                      owner: CONST String type=kotlin.String value="java/lang/invoke/LambdaMetafactory"
                      name: CONST String type=kotlin.String value="metafactory"
                      descriptor: CONST String type=kotlin.String value="(Ljava/lang/invoke/MethodHandles$Lookup;Ljava/lang/String;Ljava/lang/invoke/MethodType;Ljava/lang/invoke/MethodType;Ljava/lang/invoke/MethodHandle;Ljava/lang/invoke/MethodType;)Ljava/lang/invoke/CallSite;"
                      isInterface: CONST Boolean type=kotlin.Boolean value=false
                    bootstrapMethodArguments: VARARG type=kotlin.Array<kotlin.Any> varargElementType=kotlin.Any
                      CALL 'public final fun <jvm-original-method-type> (method: kotlin.Any): kotlin.Any declared in kotlin.jvm.internal' type=kotlin.Any origin=null
                        method: RAW_FUNCTION_REFERENCE 'public abstract fun invoke (): R of kotlin.Function0 [operator] declared in kotlin.Function0' type=kotlin.Any
                      RAW_FUNCTION_REFERENCE 'private final fun LinkItem$lambda$24 ($hapticFeedback: androidx.compose.ui.hapticfeedback.HapticFeedback, $onLongClick: kotlin.Function0<kotlin.Unit>?): kotlin.Unit? declared in com.syncodec.graphite.presentation.bucket.composable.screen.linkScreen.BucketLinkListScreenKt' type=kotlin.Any
                      CALL 'public final fun <jvm-original-method-type> (method: kotlin.Any): kotlin.Any declared in kotlin.jvm.internal' type=kotlin.Any origin=null
                        method: RAW_FUNCTION_REFERENCE 'public abstract fun invoke (): kotlin.Unit? [fake_override,operator] declared in kotlin.jvm.internal.invokeDynamic.<fake>' type=kotlin.Any
                onDoubleClick: COMPOSITE type=kotlin.Function0<kotlin.Unit>? origin=DEFAULT_VALUE
                  CONST Null type=kotlin.Function0<kotlin.Unit>? value=null
                onClick: GET_VAR 'onClick: kotlin.Function0<kotlin.Unit>? [assignable] declared in com.syncodec.graphite.presentation.bucket.composable.screen.linkScreen.BucketLinkListScreenKt.LinkItem' type=kotlin.Function0<kotlin.Unit> origin=null
                $mask0: CONST Int type=kotlin.Int value=46
                $handler: CONST Null type=kotlin.Any? value=null
            CALL 'public final fun Box (modifier: androidx.compose.ui.Modifier?, contentAlignment: androidx.compose.ui.Alignment?, propagateMinConstraints: kotlin.Boolean, content: @[ExtensionFunctionType] kotlin.Function3<androidx.compose.foundation.layout.BoxScope, androidx.compose.runtime.Composer, kotlin.Int, kotlin.Unit>, $composer: androidx.compose.runtime.Composer?, $changed: kotlin.Int, $default: kotlin.Int): kotlin.Unit [inline] declared in androidx.compose.foundation.layout.BoxKt' type=kotlin.Unit origin=null
              modifier: GET_VAR 'val tmp593_modifier: androidx.compose.ui.Modifier [val] declared in com.syncodec.graphite.presentation.bucket.composable.screen.linkScreen.BucketLinkListScreenKt.LinkItem' type=androidx.compose.ui.Modifier origin=null
              contentAlignment: GET_VAR 'val tmp592_contentAlignment: androidx.compose.ui.Alignment [val] declared in com.syncodec.graphite.presentation.bucket.composable.screen.linkScreen.BucketLinkListScreenKt.LinkItem' type=androidx.compose.ui.Alignment origin=null
              propagateMinConstraints: COMPOSITE type=kotlin.Boolean origin=DEFAULT_VALUE
                CONST Boolean type=kotlin.Boolean value=false
              content: BLOCK type=@[ExtensionFunctionType] kotlin.Function3<androidx.compose.foundation.layout.BoxScope, androidx.compose.runtime.Composer, kotlin.Int, kotlin.Unit> origin=LAMBDA
                COMPOSITE type=kotlin.Unit origin=null
                FUNCTION_REFERENCE 'private final fun LinkItem$lambda$32 ($handleModifier: androidx.compose.ui.Modifier?, $thumbnail: kotlin.String?, $$dirty: kotlin.Int, $title: kotlin.String?, $isSelected: kotlin.Boolean, $contentColor$delegate: androidx.compose.runtime.State<androidx.compose.ui.graphics.Color>, $isLocked: kotlin.Boolean, $isFavourite: kotlin.Boolean, $url: kotlin.String?, $openGraphResult: com.kedia.ogparser.OpenGraphResult?, $composer: androidx.compose.runtime.Composer?, $changed: kotlin.Int): kotlin.Unit declared in com.syncodec.graphite.presentation.bucket.composable.screen.linkScreen.BucketLinkListScreenKt' type=@[ExtensionFunctionType] kotlin.Function3<androidx.compose.foundation.layout.BoxScope, androidx.compose.runtime.Composer, kotlin.Int, kotlin.Unit> origin=INLINE_LAMBDA reflectionTarget=null
                  $handleModifier: GET_VAR 'handleModifier: androidx.compose.ui.Modifier? [assignable] declared in com.syncodec.graphite.presentation.bucket.composable.screen.linkScreen.BucketLinkListScreenKt.LinkItem' type=androidx.compose.ui.Modifier? origin=null
                  $thumbnail: GET_VAR 'thumbnail: kotlin.String? [assignable] declared in com.syncodec.graphite.presentation.bucket.composable.screen.linkScreen.BucketLinkListScreenKt.LinkItem' type=kotlin.String? origin=null
                  $$dirty: GET_VAR 'val $dirty: kotlin.Int [val] declared in com.syncodec.graphite.presentation.bucket.composable.screen.linkScreen.BucketLinkListScreenKt.LinkItem' type=kotlin.Int origin=null
                  $title: GET_VAR 'title: kotlin.String? [assignable] declared in com.syncodec.graphite.presentation.bucket.composable.screen.linkScreen.BucketLinkListScreenKt.LinkItem' type=kotlin.String? origin=null
                  $isSelected: GET_VAR 'isSelected: kotlin.Boolean [assignable] declared in com.syncodec.graphite.presentation.bucket.composable.screen.linkScreen.BucketLinkListScreenKt.LinkItem' type=kotlin.Boolean origin=null
                  $contentColor$delegate: GET_VAR 'val contentColor$delegate: androidx.compose.runtime.State<androidx.compose.ui.graphics.Color> [val] declared in com.syncodec.graphite.presentation.bucket.composable.screen.linkScreen.BucketLinkListScreenKt.LinkItem' type=androidx.compose.runtime.State<androidx.compose.ui.graphics.Color> origin=null
                  $isLocked: GET_VAR 'isLocked: kotlin.Boolean [assignable] declared in com.syncodec.graphite.presentation.bucket.composable.screen.linkScreen.BucketLinkListScreenKt.LinkItem' type=kotlin.Boolean origin=null
                  $isFavourite: GET_VAR 'isFavourite: kotlin.Boolean [assignable] declared in com.syncodec.graphite.presentation.bucket.composable.screen.linkScreen.BucketLinkListScreenKt.LinkItem' type=kotlin.Boolean origin=null
                  $url: GET_VAR 'url: kotlin.String? [assignable] declared in com.syncodec.graphite.presentation.bucket.composable.screen.linkScreen.BucketLinkListScreenKt.LinkItem' type=kotlin.String? origin=null
                  $openGraphResult: GET_VAR 'openGraphResult: com.kedia.ogparser.OpenGraphResult? [assignable] declared in com.syncodec.graphite.presentation.bucket.composable.screen.linkScreen.BucketLinkListScreenKt.LinkItem' type=com.kedia.ogparser.OpenGraphResult? origin=null
              $composer: GET_VAR '$composer: androidx.compose.runtime.Composer? [assignable] declared in com.syncodec.graphite.presentation.bucket.composable.screen.linkScreen.BucketLinkListScreenKt.LinkItem' type=androidx.compose.runtime.Composer? origin=null
              $changed: CONST Int type=kotlin.Int value=48
              $default: CONST Int type=kotlin.Int value=4
      BRANCH
        if: CONST Boolean type=kotlin.Boolean value=true
        then: CALL 'public abstract fun skipToGroupEnd (): kotlin.Unit declared in androidx.compose.runtime.Composer' type=kotlin.Unit origin=null
          $this: GET_VAR '$composer: androidx.compose.runtime.Composer? [assignable] declared in com.syncodec.graphite.presentation.bucket.composable.screen.linkScreen.BucketLinkListScreenKt.LinkItem' type=androidx.compose.runtime.Composer? origin=null
    BLOCK type=kotlin.Unit origin=null
      BLOCK type=kotlin.Unit origin=FOLDED_SAFE_CALL
        WHEN type=kotlin.Unit origin=FOLDED_SAFE_CALL
          BRANCH
            if: COMPOSITE type=kotlin.Boolean origin=null
              VAR IR_TEMPORARY_VARIABLE name:tmp6_safe_receiver type:androidx.compose.runtime.ScopeUpdateScope? [val]
                CALL 'public abstract fun endRestartGroup (): androidx.compose.runtime.ScopeUpdateScope? declared in androidx.compose.runtime.Composer' type=androidx.compose.runtime.ScopeUpdateScope? origin=null
                  $this: GET_VAR '$composer: androidx.compose.runtime.Composer? [assignable] declared in com.syncodec.graphite.presentation.bucket.composable.screen.linkScreen.BucketLinkListScreenKt.LinkItem' type=androidx.compose.runtime.Composer? origin=null
              CALL 'public final fun not (): kotlin.Boolean [operator] declared in kotlin.Boolean' type=kotlin.Boolean origin=null
                $this: CALL 'public final fun EQEQ (arg0: kotlin.Any?, arg1: kotlin.Any?): kotlin.Boolean declared in kotlin.internal.ir' type=kotlin.Boolean origin=null
                  arg0: GET_VAR 'val tmp6_safe_receiver: androidx.compose.runtime.ScopeUpdateScope? [val] declared in com.syncodec.graphite.presentation.bucket.composable.screen.linkScreen.BucketLinkListScreenKt.LinkItem' type=androidx.compose.runtime.ScopeUpdateScope? origin=null
                  arg1: CONST Null type=kotlin.Nothing? value=null
            then: CALL 'public abstract fun updateScope (block: kotlin.Function2<androidx.compose.runtime.Composer, kotlin.Int, kotlin.Unit>): kotlin.Unit declared in androidx.compose.runtime.ScopeUpdateScope' type=kotlin.Unit origin=null
              $this: GET_VAR 'val tmp6_safe_receiver: androidx.compose.runtime.ScopeUpdateScope? [val] declared in com.syncodec.graphite.presentation.bucket.composable.screen.linkScreen.BucketLinkListScreenKt.LinkItem' type=androidx.compose.runtime.ScopeUpdateScope? origin=null
              block: BLOCK type=kotlin.Function2<androidx.compose.runtime.Composer?, kotlin.Int, kotlin.Unit> origin=LAMBDA
                COMPOSITE type=kotlin.Unit origin=null
                CALL 'public final fun <jvm-indy> <T> (dynamicCall: T of kotlin.jvm.internal.<jvm-indy>, bootstrapMethodHandle: kotlin.Any, vararg bootstrapMethodArguments: kotlin.Any): T of kotlin.jvm.internal.<jvm-indy> declared in kotlin.jvm.internal' type=kotlin.Function2<androidx.compose.runtime.Composer?, kotlin.Int, kotlin.Unit> origin=null
                  <T>: kotlin.Function2<androidx.compose.runtime.Composer?, kotlin.Int, kotlin.Unit>
                  dynamicCall: CALL 'public final fun invoke (p0: androidx.compose.ui.Modifier?, p1: kotlin.String?, p2: kotlin.String?, p3: com.kedia.ogparser.OpenGraphResult?, p4: kotlin.String?, p5: kotlin.Boolean, p6: kotlin.Boolean, p7: kotlin.Boolean, p8: kotlin.Boolean, p9: kotlin.Function0<kotlin.Unit>?, p10: kotlin.Function0<kotlin.Unit>?, p11: kotlin.Int, p12: kotlin.Int, p13: kotlin.Int): kotlin.Function2<androidx.compose.runtime.Composer?, kotlin.Int, kotlin.Unit> declared in kotlin.jvm.internal.invokeDynamic' type=kotlin.Function2<androidx.compose.runtime.Composer?, kotlin.Int, kotlin.Unit> origin=null
                    p0: GET_VAR 'handleModifier: androidx.compose.ui.Modifier? [assignable] declared in com.syncodec.graphite.presentation.bucket.composable.screen.linkScreen.BucketLinkListScreenKt.LinkItem' type=androidx.compose.ui.Modifier? origin=null
                    p1: GET_VAR 'title: kotlin.String? [assignable] declared in com.syncodec.graphite.presentation.bucket.composable.screen.linkScreen.BucketLinkListScreenKt.LinkItem' type=kotlin.String? origin=null
                    p2: GET_VAR 'thumbnail: kotlin.String? [assignable] declared in com.syncodec.graphite.presentation.bucket.composable.screen.linkScreen.BucketLinkListScreenKt.LinkItem' type=kotlin.String? origin=null
                    p3: GET_VAR 'openGraphResult: com.kedia.ogparser.OpenGraphResult? [assignable] declared in com.syncodec.graphite.presentation.bucket.composable.screen.linkScreen.BucketLinkListScreenKt.LinkItem' type=com.kedia.ogparser.OpenGraphResult? origin=null
                    p4: GET_VAR 'url: kotlin.String? [assignable] declared in com.syncodec.graphite.presentation.bucket.composable.screen.linkScreen.BucketLinkListScreenKt.LinkItem' type=kotlin.String? origin=null
                    p5: GET_VAR 'isLocked: kotlin.Boolean [assignable] declared in com.syncodec.graphite.presentation.bucket.composable.screen.linkScreen.BucketLinkListScreenKt.LinkItem' type=kotlin.Boolean origin=null
                    p6: GET_VAR 'isFavourite: kotlin.Boolean [assignable] declared in com.syncodec.graphite.presentation.bucket.composable.screen.linkScreen.BucketLinkListScreenKt.LinkItem' type=kotlin.Boolean origin=null
                    p7: GET_VAR 'isSelected: kotlin.Boolean [assignable] declared in com.syncodec.graphite.presentation.bucket.composable.screen.linkScreen.BucketLinkListScreenKt.LinkItem' type=kotlin.Boolean origin=null
                    p8: GET_VAR 'isDragging: kotlin.Boolean [assignable] declared in com.syncodec.graphite.presentation.bucket.composable.screen.linkScreen.BucketLinkListScreenKt.LinkItem' type=kotlin.Boolean origin=null
                    p9: GET_VAR 'onClick: kotlin.Function0<kotlin.Unit>? [assignable] declared in com.syncodec.graphite.presentation.bucket.composable.screen.linkScreen.BucketLinkListScreenKt.LinkItem' type=kotlin.Function0<kotlin.Unit>? origin=null
                    p10: GET_VAR 'onLongClick: kotlin.Function0<kotlin.Unit>? [assignable] declared in com.syncodec.graphite.presentation.bucket.composable.screen.linkScreen.BucketLinkListScreenKt.LinkItem' type=kotlin.Function0<kotlin.Unit>? origin=null
                    p11: GET_VAR '$changed: kotlin.Int declared in com.syncodec.graphite.presentation.bucket.composable.screen.linkScreen.BucketLinkListScreenKt.LinkItem' type=kotlin.Int origin=null
                    p12: GET_VAR '$changed1: kotlin.Int declared in com.syncodec.graphite.presentation.bucket.composable.screen.linkScreen.BucketLinkListScreenKt.LinkItem' type=kotlin.Int origin=null
                    p13: GET_VAR '$default: kotlin.Int declared in com.syncodec.graphite.presentation.bucket.composable.screen.linkScreen.BucketLinkListScreenKt.LinkItem' type=kotlin.Int origin=null
                  bootstrapMethodHandle: CALL 'public final fun <jvm-method-handle> (tag: kotlin.Int, owner: kotlin.String, name: kotlin.String, descriptor: kotlin.String, isInterface: kotlin.Boolean): kotlin.Any declared in kotlin.jvm.internal' type=kotlin.Any origin=null
                    tag: CONST Int type=kotlin.Int value=6
                    owner: CONST String type=kotlin.String value="java/lang/invoke/LambdaMetafactory"
                    name: CONST String type=kotlin.String value="metafactory"
                    descriptor: CONST String type=kotlin.String value="(Ljava/lang/invoke/MethodHandles$Lookup;Ljava/lang/String;Ljava/lang/invoke/MethodType;Ljava/lang/invoke/MethodType;Ljava/lang/invoke/MethodHandle;Ljava/lang/invoke/MethodType;)Ljava/lang/invoke/CallSite;"
                    isInterface: CONST Boolean type=kotlin.Boolean value=false
                  bootstrapMethodArguments: VARARG type=kotlin.Array<kotlin.Any> varargElementType=kotlin.Any
                    CALL 'public final fun <jvm-original-method-type> (method: kotlin.Any): kotlin.Any declared in kotlin.jvm.internal' type=kotlin.Any origin=null
                      method: RAW_FUNCTION_REFERENCE 'public abstract fun invoke (p1: P1 of kotlin.Function2, p2: P2 of kotlin.Function2): R of kotlin.Function2 [operator] declared in kotlin.Function2' type=kotlin.Any
                    RAW_FUNCTION_REFERENCE 'private final fun LinkItem$lambda$33 ($handleModifier: androidx.compose.ui.Modifier?, $title: kotlin.String?, $thumbnail: kotlin.String?, $openGraphResult: com.kedia.ogparser.OpenGraphResult?, $url: kotlin.String?, $isLocked: kotlin.Boolean, $isFavourite: kotlin.Boolean, $isSelected: kotlin.Boolean, $isDragging: kotlin.Boolean, $onClick: kotlin.Function0<kotlin.Unit>?, $onLongClick: kotlin.Function0<kotlin.Unit>?, $$changed: kotlin.Int, $$changed1: kotlin.Int, $$default: kotlin.Int, $composer: androidx.compose.runtime.Composer?, $force: kotlin.Int): kotlin.Unit? declared in com.syncodec.graphite.presentation.bucket.composable.screen.linkScreen.BucketLinkListScreenKt' type=kotlin.Any
                    CALL 'public final fun <jvm-original-method-type> (method: kotlin.Any): kotlin.Any declared in kotlin.jvm.internal' type=kotlin.Any origin=null
                      method: RAW_FUNCTION_REFERENCE 'public abstract fun invoke (p1: androidx.compose.runtime.Composer?, p2: kotlin.Int?): kotlin.Unit? [fake_override,operator] declared in kotlin.jvm.internal.invokeDynamic.<fake>' type=kotlin.Any
          BRANCH
            if: CONST Boolean type=kotlin.Boolean value=true
            then: CONST Null type=kotlin.Any? value=null

	at org.jetbrains.kotlin.backend.jvm.codegen.FunctionCodegen.generate(FunctionCodegen.kt:50)
	at org.jetbrains.kotlin.backend.jvm.codegen.FunctionCodegen.generate$default(FunctionCodegen.kt:42)
	at org.jetbrains.kotlin.backend.jvm.codegen.ClassCodegen.generateMethodNode(ClassCodegen.kt:385)
	at org.jetbrains.kotlin.backend.jvm.codegen.ClassCodegen.generateMethod(ClassCodegen.kt:402)
	at org.jetbrains.kotlin.backend.jvm.codegen.ClassCodegen.generate(ClassCodegen.kt:169)
	at org.jetbrains.kotlin.backend.jvm.FileCodegen.lower(JvmPhases.kt:41)
	at org.jetbrains.kotlin.backend.common.phaser.PhaseBuildersKt.makeIrFilePhase$lambda$5(PhaseBuilders.kt:114)
	at org.jetbrains.kotlin.backend.common.phaser.PhaseBuildersKt$createSimpleNamedCompilerPhase$1.phaseBody(PhaseBuilders.kt:71)
	at org.jetbrains.kotlin.backend.common.phaser.SimpleNamedCompilerPhase.phaseBody(CompilerPhase.kt:226)
	at org.jetbrains.kotlin.backend.common.phaser.AbstractNamedCompilerPhase.invoke(CompilerPhase.kt:113)
	at org.jetbrains.kotlin.backend.common.phaser.PerformByIrFilePhase.invokeSequential(performByIrFile.kt:62)
	... 43 more
Caused by: java.lang.OutOfMemoryError: GC overhead limit exceeded
	at org.jetbrains.kotlin.codegen.inline.MaxStackFrameSizeAndLocalsCalculator.lambda$getLabelWrapper$0(MaxStackFrameSizeAndLocalsCalculator.java:453)
	at org.jetbrains.kotlin.codegen.inline.MaxStackFrameSizeAndLocalsCalculator$$Lambda$2404/0x0000000801b474b8.invoke(Unknown Source)
	at org.jetbrains.kotlin.utils.SmartIdentityTable.getOrCreate(SmartIdentityTable.kt:78)
	at org.jetbrains.kotlin.codegen.inline.MaxStackFrameSizeAndLocalsCalculator.getLabelWrapper(MaxStackFrameSizeAndLocalsCalculator.java:453)
	at org.jetbrains.kotlin.codegen.inline.MaxStackFrameSizeAndLocalsCalculator.visitJumpInsn(MaxStackFrameSizeAndLocalsCalculator.java:223)
	at org.jetbrains.org.objectweb.asm.commons.InstructionAdapter.goTo(InstructionAdapter.java:1025)
	at org.jetbrains.org.objectweb.asm.commons.InstructionAdapter.visitJumpInsn(InstructionAdapter.java:597)
	at org.jetbrains.org.objectweb.asm.MethodVisitor.visitJumpInsn(MethodVisitor.java:478)
	at org.jetbrains.org.objectweb.asm.tree.JumpInsnNode.accept(JumpInsnNode.java:79)
	at org.jetbrains.org.objectweb.asm.tree.InsnList.accept(InsnList.java:144)
	at org.jetbrains.org.objectweb.asm.tree.MethodNode.accept(MethodNode.java:751)
	at org.jetbrains.kotlin.codegen.inline.InlineCodegen.inlineCall(InlineCodegen.kt:148)
	at org.jetbrains.kotlin.codegen.inline.InlineCodegen.performInline(InlineCodegen.kt:52)
	at org.jetbrains.kotlin.backend.jvm.codegen.IrInlineCodegen.genInlineCall(IrInlineCodegen.kt:162)
	at org.jetbrains.kotlin.backend.jvm.codegen.IrInlineCallGenerator.genCall(IrInlineCallGenerator.kt:36)
	at org.jetbrains.kotlin.backend.jvm.codegen.ExpressionCodegen.visitCall(ExpressionCodegen.kt:647)
	at org.jetbrains.kotlin.backend.jvm.codegen.ExpressionCodegen.visitCall(ExpressionCodegen.kt:137)
	at org.jetbrains.kotlin.ir.expressions.IrCall.accept(IrCall.kt:24)
	at org.jetbrains.kotlin.backend.jvm.codegen.ExpressionCodegen.visitStatementContainer(ExpressionCodegen.kt:573)
	at org.jetbrains.kotlin.backend.jvm.codegen.ExpressionCodegen.visitContainerExpression(ExpressionCodegen.kt:587)
	at org.jetbrains.kotlin.backend.jvm.codegen.ExpressionCodegen.visitContainerExpression(ExpressionCodegen.kt:137)
	at org.jetbrains.kotlin.ir.visitors.IrElementVisitor$DefaultImpls.visitBlock(IrElementVisitor.kt:122)
	at org.jetbrains.kotlin.backend.jvm.codegen.ExpressionCodegen.visitBlock(ExpressionCodegen.kt:407)
	at org.jetbrains.kotlin.backend.jvm.codegen.ExpressionCodegen.visitBlock(ExpressionCodegen.kt:137)
	at org.jetbrains.kotlin.ir.expressions.IrBlock.accept(IrBlock.kt:18)
	at org.jetbrains.kotlin.backend.jvm.codegen.ExpressionCodegen.visitStatementContainer(ExpressionCodegen.kt:573)
	at org.jetbrains.kotlin.backend.jvm.codegen.ExpressionCodegen.visitContainerExpression(ExpressionCodegen.kt:587)
	at org.jetbrains.kotlin.backend.jvm.codegen.ExpressionCodegen.visitContainerExpression(ExpressionCodegen.kt:137)
	at org.jetbrains.kotlin.ir.visitors.IrElementVisitor$DefaultImpls.visitBlock(IrElementVisitor.kt:122)
	at org.jetbrains.kotlin.backend.jvm.codegen.ExpressionCodegen.visitBlock(ExpressionCodegen.kt:407)
	at org.jetbrains.kotlin.backend.jvm.codegen.ExpressionCodegen.visitBlock(ExpressionCodegen.kt:137)
	at org.jetbrains.kotlin.ir.expressions.IrBlock.accept(IrBlock.kt:18)


