kotlin version: 2.0.10
error message: org.jetbrains.kotlin.backend.common.BackendException: Backend Internal error: Exception during IR lowering
File being compiled: /home/pushpull/Projects/graphite-android/app/src/main/java/com/syncodec/graphite/presentation/common/dialog/whereDialog/composable/buildingBlock/ChapterCard.kt
The root cause java.lang.RuntimeException was thrown at: org.jetbrains.kotlin.backend.jvm.codegen.FunctionCodegen.generate(FunctionCodegen.kt:50)
	at org.jetbrains.kotlin.backend.common.CodegenUtil.reportBackendException(CodegenUtil.kt:253)
	at org.jetbrains.kotlin.backend.common.CodegenUtil.reportBackendException$default(CodegenUtil.kt:236)
	at org.jetbrains.kotlin.backend.common.phaser.PerformByIrFilePhase.invokeSequential(performByIrFile.kt:65)
	at org.jetbrains.kotlin.backend.common.phaser.PerformByIrFilePhase.invoke(performByIrFile.kt:52)
	at org.jetbrains.kotlin.backend.common.phaser.PerformByIrFilePhase.invoke(performByIrFile.kt:38)
	at org.jetbrains.kotlin.backend.common.phaser.NamedCompilerPhase.phaseBody(CompilerPhase.kt:166)
	at org.jetbrains.kotlin.backend.common.phaser.AbstractNamedCompilerPhase.invoke(CompilerPhase.kt:113)
	at org.jetbrains.kotlin.backend.common.phaser.CompositePhase.invoke(PhaseBuilders.kt:29)
	at org.jetbrains.kotlin.backend.common.phaser.CompositePhase.invoke(PhaseBuilders.kt:16)
	at org.jetbrains.kotlin.backend.common.phaser.NamedCompilerPhase.phaseBody(CompilerPhase.kt:166)
	at org.jetbrains.kotlin.backend.common.phaser.AbstractNamedCompilerPhase.invoke(CompilerPhase.kt:113)
	at org.jetbrains.kotlin.backend.common.phaser.CompilerPhaseKt.invokeToplevel(CompilerPhase.kt:62)
	at org.jetbrains.kotlin.backend.jvm.JvmIrCodegenFactory.invokeCodegen(JvmIrCodegenFactory.kt:371)
	at org.jetbrains.kotlin.codegen.CodegenFactory.generateModule(CodegenFactory.kt:47)
	at org.jetbrains.kotlin.backend.jvm.JvmIrCodegenFactory.generateModuleInFrontendIRMode(JvmIrCodegenFactory.kt:433)
	at org.jetbrains.kotlin.cli.jvm.compiler.pipeline.JvmCompilerPipelineKt.generateCodeFromIr(jvmCompilerPipeline.kt:240)
	at org.jetbrains.kotlin.cli.jvm.compiler.pipeline.JvmCompilerPipelineKt.compileModulesUsingFrontendIrAndLightTree(jvmCompilerPipeline.kt:139)
	at org.jetbrains.kotlin.cli.jvm.K2JVMCompiler.doExecute(K2JVMCompiler.kt:155)
	at org.jetbrains.kotlin.cli.jvm.K2JVMCompiler.doExecute(K2JVMCompiler.kt:50)
	at org.jetbrains.kotlin.cli.common.CLICompiler.execImpl(CLICompiler.kt:104)
	at org.jetbrains.kotlin.cli.common.CLICompiler.execImpl(CLICompiler.kt:48)
	at org.jetbrains.kotlin.cli.common.CLITool.exec(CLITool.kt:101)
	at org.jetbrains.kotlin.incremental.IncrementalJvmCompilerRunner.runCompiler(IncrementalJvmCompilerRunner.kt:453)
	at org.jetbrains.kotlin.incremental.IncrementalJvmCompilerRunner.runCompiler(IncrementalJvmCompilerRunner.kt:62)
	at org.jetbrains.kotlin.incremental.IncrementalCompilerRunner.doCompile(IncrementalCompilerRunner.kt:506)
	at org.jetbrains.kotlin.incremental.IncrementalCompilerRunner.compileImpl(IncrementalCompilerRunner.kt:423)
	at org.jetbrains.kotlin.incremental.IncrementalCompilerRunner.compileNonIncrementally(IncrementalCompilerRunner.kt:301)
	at org.jetbrains.kotlin.incremental.IncrementalCompilerRunner.compile(IncrementalCompilerRunner.kt:129)
	at org.jetbrains.kotlin.daemon.CompileServiceImplBase.execIncrementalCompiler(CompileServiceImpl.kt:676)
	at org.jetbrains.kotlin.daemon.CompileServiceImplBase.access$execIncrementalCompiler(CompileServiceImpl.kt:92)
	at org.jetbrains.kotlin.daemon.CompileServiceImpl.compile(CompileServiceImpl.kt:1661)
	at java.base/jdk.internal.reflect.DirectMethodHandleAccessor.invoke(DirectMethodHandleAccessor.java:104)
	at java.base/java.lang.reflect.Method.invoke(Method.java:578)
	at java.rmi/sun.rmi.server.UnicastServerRef.dispatch(UnicastServerRef.java:360)
	at java.rmi/sun.rmi.transport.Transport$1.run(Transport.java:200)
	at java.rmi/sun.rmi.transport.Transport$1.run(Transport.java:197)
	at java.base/java.security.AccessController.doPrivileged(AccessController.java:712)
	at java.rmi/sun.rmi.transport.Transport.serviceCall(Transport.java:196)
	at java.rmi/sun.rmi.transport.tcp.TCPTransport.handleMessages(TCPTransport.java:598)
	at java.rmi/sun.rmi.transport.tcp.TCPTransport$ConnectionHandler.run0(TCPTransport.java:844)
	at java.rmi/sun.rmi.transport.tcp.TCPTransport$ConnectionHandler.lambda$run$0(TCPTransport.java:721)
	at java.base/java.security.AccessController.doPrivileged(AccessController.java:399)
	at java.rmi/sun.rmi.transport.tcp.TCPTransport$ConnectionHandler.run(TCPTransport.java:720)
	at java.base/java.util.concurrent.ThreadPoolExecutor.runWorker(ThreadPoolExecutor.java:1144)
	at java.base/java.util.concurrent.ThreadPoolExecutor$Worker.run(ThreadPoolExecutor.java:642)
	at java.base/java.lang.Thread.run(Thread.java:1589)
Caused by: java.lang.RuntimeException: Exception while generating code for:
FUN name:Header visibility:private modality:FINAL <> (title:kotlin.String?, noteCount:kotlin.Int, chapterCount:kotlin.Int, isFavourite:kotlin.Boolean, isLocked:kotlin.Boolean, $composer:androidx.compose.runtime.Composer?, $changed:kotlin.Int, $default:kotlin.Int) returnType:kotlin.Unit
  annotations:
    Preview(name = <null>, group = <null>, apiLevel = <null>, widthDp = <null>, heightDp = <null>, locale = <null>, fontScale = <null>, showSystemUi = <null>, showBackground = <null>, backgroundColor = <null>, uiMode = <null>, device = <null>, wallpaper = <null>)
    Composable
    ComposableTarget(applier = "androidx.compose.ui.UiComposable")
  VALUE_PARAMETER name:title index:0 type:kotlin.String? [assignable]
  VALUE_PARAMETER name:noteCount index:1 type:kotlin.Int [assignable]
  VALUE_PARAMETER name:chapterCount index:2 type:kotlin.Int [assignable]
  VALUE_PARAMETER name:isFavourite index:3 type:kotlin.Boolean [assignable]
  VALUE_PARAMETER name:isLocked index:4 type:kotlin.Boolean [assignable]
  VALUE_PARAMETER name:$composer index:5 type:androidx.compose.runtime.Composer? [assignable]
  VALUE_PARAMETER name:$changed index:6 type:kotlin.Int
  VALUE_PARAMETER MASK_FOR_DEFAULT_FUNCTION name:$default index:7 type:kotlin.Int
  BLOCK_BODY
    BLOCK type=kotlin.Unit origin=null
      SET_VAR '$composer: androidx.compose.runtime.Composer? [assignable] declared in com.syncodec.graphite.presentation.common.dialog.whereDialog.composable.buildingBlock.ChapterCardKt.Header' type=kotlin.Unit origin=null
        CALL 'public abstract fun startRestartGroup (key: kotlin.Int): androidx.compose.runtime.Composer declared in androidx.compose.runtime.Composer' type=androidx.compose.runtime.Composer origin=null
          $this: GET_VAR '$composer: androidx.compose.runtime.Composer? [assignable] declared in com.syncodec.graphite.presentation.common.dialog.whereDialog.composable.buildingBlock.ChapterCardKt.Header' type=androidx.compose.runtime.Composer? origin=null
          key: CONST Int type=kotlin.Int value=452057884
      CALL 'public final fun sourceInformation (composer: androidx.compose.runtime.Composer, sourceInformation: kotlin.String): kotlin.Unit declared in androidx.compose.runtime.ComposerKt' type=kotlin.Unit origin=null
        composer: GET_VAR '$composer: androidx.compose.runtime.Composer? [assignable] declared in com.syncodec.graphite.presentation.common.dialog.whereDialog.composable.buildingBlock.ChapterCardKt.Header' type=androidx.compose.runtime.Composer? origin=null
        sourceInformation: CONST String type=kotlin.String value="C(Header)P(4,3)188@6369L2114:ChapterCard.kt#1jkmov"
    VAR name:$dirty type:kotlin.Int [val]
      GET_VAR '$changed: kotlin.Int declared in com.syncodec.graphite.presentation.common.dialog.whereDialog.composable.buildingBlock.ChapterCardKt.Header' type=kotlin.Int origin=null
    WHEN type=kotlin.Unit origin=IF
      BRANCH
        if: CALL 'public final fun not (): kotlin.Boolean [operator] declared in kotlin.Boolean' type=kotlin.Boolean origin=null
          $this: CALL 'public final fun EQEQ (arg0: kotlin.Any?, arg1: kotlin.Any?): kotlin.Boolean declared in kotlin.internal.ir' type=kotlin.Boolean origin=null
            arg0: CALL 'public final fun and (other: kotlin.Int): kotlin.Int [infix] declared in kotlin.Int' type=kotlin.Int origin=null
              $this: GET_VAR '$default: kotlin.Int declared in com.syncodec.graphite.presentation.common.dialog.whereDialog.composable.buildingBlock.ChapterCardKt.Header' type=kotlin.Int origin=null
              other: CONST Int type=kotlin.Int value=1
            arg1: CONST Int type=kotlin.Int value=0
        then: SET_VAR 'val $dirty: kotlin.Int [val] declared in com.syncodec.graphite.presentation.common.dialog.whereDialog.composable.buildingBlock.ChapterCardKt.Header' type=kotlin.Unit origin=null
          CALL 'public final fun or (other: kotlin.Int): kotlin.Int [infix] declared in kotlin.Int' type=kotlin.Int origin=null
            $this: GET_VAR 'val $dirty: kotlin.Int [val] declared in com.syncodec.graphite.presentation.common.dialog.whereDialog.composable.buildingBlock.ChapterCardKt.Header' type=kotlin.Int origin=null
            other: CONST Int type=kotlin.Int value=6
      BRANCH
        if: CALL 'public final fun EQEQ (arg0: kotlin.Any?, arg1: kotlin.Any?): kotlin.Boolean declared in kotlin.internal.ir' type=kotlin.Boolean origin=null
          arg0: CALL 'public final fun and (other: kotlin.Int): kotlin.Int [infix] declared in kotlin.Int' type=kotlin.Int origin=null
            $this: GET_VAR '$changed: kotlin.Int declared in com.syncodec.graphite.presentation.common.dialog.whereDialog.composable.buildingBlock.ChapterCardKt.Header' type=kotlin.Int origin=null
            other: CONST Int type=kotlin.Int value=14
          arg1: CONST Int type=kotlin.Int value=0
        then: SET_VAR 'val $dirty: kotlin.Int [val] declared in com.syncodec.graphite.presentation.common.dialog.whereDialog.composable.buildingBlock.ChapterCardKt.Header' type=kotlin.Unit origin=null
          CALL 'public final fun or (other: kotlin.Int): kotlin.Int [infix] declared in kotlin.Int' type=kotlin.Int origin=null
            $this: GET_VAR 'val $dirty: kotlin.Int [val] declared in com.syncodec.graphite.presentation.common.dialog.whereDialog.composable.buildingBlock.ChapterCardKt.Header' type=kotlin.Int origin=null
            other: WHEN type=kotlin.Int origin=IF
              BRANCH
                if: CALL 'public abstract fun changed (value: kotlin.Any?): kotlin.Boolean declared in androidx.compose.runtime.Composer' type=kotlin.Boolean origin=null
                  $this: GET_VAR '$composer: androidx.compose.runtime.Composer? [assignable] declared in com.syncodec.graphite.presentation.common.dialog.whereDialog.composable.buildingBlock.ChapterCardKt.Header' type=androidx.compose.runtime.Composer? origin=null
                  value: GET_VAR 'title: kotlin.String? [assignable] declared in com.syncodec.graphite.presentation.common.dialog.whereDialog.composable.buildingBlock.ChapterCardKt.Header' type=kotlin.String? origin=null
                then: CONST Int type=kotlin.Int value=4
              BRANCH
                if: CONST Boolean type=kotlin.Boolean value=true
                then: CONST Int type=kotlin.Int value=2
    WHEN type=kotlin.Unit origin=IF
      BRANCH
        if: CALL 'public final fun not (): kotlin.Boolean [operator] declared in kotlin.Boolean' type=kotlin.Boolean origin=null
          $this: CALL 'public final fun EQEQ (arg0: kotlin.Any?, arg1: kotlin.Any?): kotlin.Boolean declared in kotlin.internal.ir' type=kotlin.Boolean origin=null
            arg0: CALL 'public final fun and (other: kotlin.Int): kotlin.Int [infix] declared in kotlin.Int' type=kotlin.Int origin=null
              $this: GET_VAR '$default: kotlin.Int declared in com.syncodec.graphite.presentation.common.dialog.whereDialog.composable.buildingBlock.ChapterCardKt.Header' type=kotlin.Int origin=null
              other: CONST Int type=kotlin.Int value=2
            arg1: CONST Int type=kotlin.Int value=0
        then: SET_VAR 'val $dirty: kotlin.Int [val] declared in com.syncodec.graphite.presentation.common.dialog.whereDialog.composable.buildingBlock.ChapterCardKt.Header' type=kotlin.Unit origin=null
          CALL 'public final fun or (other: kotlin.Int): kotlin.Int [infix] declared in kotlin.Int' type=kotlin.Int origin=null
            $this: GET_VAR 'val $dirty: kotlin.Int [val] declared in com.syncodec.graphite.presentation.common.dialog.whereDialog.composable.buildingBlock.ChapterCardKt.Header' type=kotlin.Int origin=null
            other: CONST Int type=kotlin.Int value=48
      BRANCH
        if: CALL 'public final fun EQEQ (arg0: kotlin.Any?, arg1: kotlin.Any?): kotlin.Boolean declared in kotlin.internal.ir' type=kotlin.Boolean origin=null
          arg0: CALL 'public final fun and (other: kotlin.Int): kotlin.Int [infix] declared in kotlin.Int' type=kotlin.Int origin=null
            $this: GET_VAR '$changed: kotlin.Int declared in com.syncodec.graphite.presentation.common.dialog.whereDialog.composable.buildingBlock.ChapterCardKt.Header' type=kotlin.Int origin=null
            other: CONST Int type=kotlin.Int value=112
          arg1: CONST Int type=kotlin.Int value=0
        then: SET_VAR 'val $dirty: kotlin.Int [val] declared in com.syncodec.graphite.presentation.common.dialog.whereDialog.composable.buildingBlock.ChapterCardKt.Header' type=kotlin.Unit origin=null
          CALL 'public final fun or (other: kotlin.Int): kotlin.Int [infix] declared in kotlin.Int' type=kotlin.Int origin=null
            $this: GET_VAR 'val $dirty: kotlin.Int [val] declared in com.syncodec.graphite.presentation.common.dialog.whereDialog.composable.buildingBlock.ChapterCardKt.Header' type=kotlin.Int origin=null
            other: WHEN type=kotlin.Int origin=IF
              BRANCH
                if: CALL 'public open fun changed (value: kotlin.Int): kotlin.Boolean declared in androidx.compose.runtime.Composer' type=kotlin.Boolean origin=null
                  $this: GET_VAR '$composer: androidx.compose.runtime.Composer? [assignable] declared in com.syncodec.graphite.presentation.common.dialog.whereDialog.composable.buildingBlock.ChapterCardKt.Header' type=androidx.compose.runtime.Composer? origin=null
                  value: GET_VAR 'noteCount: kotlin.Int [assignable] declared in com.syncodec.graphite.presentation.common.dialog.whereDialog.composable.buildingBlock.ChapterCardKt.Header' type=kotlin.Int origin=null
                then: CONST Int type=kotlin.Int value=32
              BRANCH
                if: CONST Boolean type=kotlin.Boolean value=true
                then: CONST Int type=kotlin.Int value=16
    WHEN type=kotlin.Unit origin=IF
      BRANCH
        if: CALL 'public final fun not (): kotlin.Boolean [operator] declared in kotlin.Boolean' type=kotlin.Boolean origin=null
          $this: CALL 'public final fun EQEQ (arg0: kotlin.Any?, arg1: kotlin.Any?): kotlin.Boolean declared in kotlin.internal.ir' type=kotlin.Boolean origin=null
            arg0: CALL 'public final fun and (other: kotlin.Int): kotlin.Int [infix] declared in kotlin.Int' type=kotlin.Int origin=null
              $this: GET_VAR '$default: kotlin.Int declared in com.syncodec.graphite.presentation.common.dialog.whereDialog.composable.buildingBlock.ChapterCardKt.Header' type=kotlin.Int origin=null
              other: CONST Int type=kotlin.Int value=4
            arg1: CONST Int type=kotlin.Int value=0
        then: SET_VAR 'val $dirty: kotlin.Int [val] declared in com.syncodec.graphite.presentation.common.dialog.whereDialog.composable.buildingBlock.ChapterCardKt.Header' type=kotlin.Unit origin=null
          CALL 'public final fun or (other: kotlin.Int): kotlin.Int [infix] declared in kotlin.Int' type=kotlin.Int origin=null
            $this: GET_VAR 'val $dirty: kotlin.Int [val] declared in com.syncodec.graphite.presentation.common.dialog.whereDialog.composable.buildingBlock.ChapterCardKt.Header' type=kotlin.Int origin=null
            other: CONST Int type=kotlin.Int value=384
      BRANCH
        if: CALL 'public final fun EQEQ (arg0: kotlin.Any?, arg1: kotlin.Any?): kotlin.Boolean declared in kotlin.internal.ir' type=kotlin.Boolean origin=null
          arg0: CALL 'public final fun and (other: kotlin.Int): kotlin.Int [infix] declared in kotlin.Int' type=kotlin.Int origin=null
            $this: GET_VAR '$changed: kotlin.Int declared in com.syncodec.graphite.presentation.common.dialog.whereDialog.composable.buildingBlock.ChapterCardKt.Header' type=kotlin.Int origin=null
            other: CONST Int type=kotlin.Int value=896
          arg1: CONST Int type=kotlin.Int value=0
        then: SET_VAR 'val $dirty: kotlin.Int [val] declared in com.syncodec.graphite.presentation.common.dialog.whereDialog.composable.buildingBlock.ChapterCardKt.Header' type=kotlin.Unit origin=null
          CALL 'public final fun or (other: kotlin.Int): kotlin.Int [infix] declared in kotlin.Int' type=kotlin.Int origin=null
            $this: GET_VAR 'val $dirty: kotlin.Int [val] declared in com.syncodec.graphite.presentation.common.dialog.whereDialog.composable.buildingBlock.ChapterCardKt.Header' type=kotlin.Int origin=null
            other: WHEN type=kotlin.Int origin=IF
              BRANCH
                if: CALL 'public open fun changed (value: kotlin.Int): kotlin.Boolean declared in androidx.compose.runtime.Composer' type=kotlin.Boolean origin=null
                  $this: GET_VAR '$composer: androidx.compose.runtime.Composer? [assignable] declared in com.syncodec.graphite.presentation.common.dialog.whereDialog.composable.buildingBlock.ChapterCardKt.Header' type=androidx.compose.runtime.Composer? origin=null
                  value: GET_VAR 'chapterCount: kotlin.Int [assignable] declared in com.syncodec.graphite.presentation.common.dialog.whereDialog.composable.buildingBlock.ChapterCardKt.Header' type=kotlin.Int origin=null
                then: CONST Int type=kotlin.Int value=256
              BRANCH
                if: CONST Boolean type=kotlin.Boolean value=true
                then: CONST Int type=kotlin.Int value=128
    WHEN type=kotlin.Unit origin=IF
      BRANCH
        if: CALL 'public final fun not (): kotlin.Boolean [operator] declared in kotlin.Boolean' type=kotlin.Boolean origin=null
          $this: CALL 'public final fun EQEQ (arg0: kotlin.Any?, arg1: kotlin.Any?): kotlin.Boolean declared in kotlin.internal.ir' type=kotlin.Boolean origin=null
            arg0: CALL 'public final fun and (other: kotlin.Int): kotlin.Int [infix] declared in kotlin.Int' type=kotlin.Int origin=null
              $this: GET_VAR '$default: kotlin.Int declared in com.syncodec.graphite.presentation.common.dialog.whereDialog.composable.buildingBlock.ChapterCardKt.Header' type=kotlin.Int origin=null
              other: CONST Int type=kotlin.Int value=8
            arg1: CONST Int type=kotlin.Int value=0
        then: SET_VAR 'val $dirty: kotlin.Int [val] declared in com.syncodec.graphite.presentation.common.dialog.whereDialog.composable.buildingBlock.ChapterCardKt.Header' type=kotlin.Unit origin=null
          CALL 'public final fun or (other: kotlin.Int): kotlin.Int [infix] declared in kotlin.Int' type=kotlin.Int origin=null
            $this: GET_VAR 'val $dirty: kotlin.Int [val] declared in com.syncodec.graphite.presentation.common.dialog.whereDialog.composable.buildingBlock.ChapterCardKt.Header' type=kotlin.Int origin=null
            other: CONST Int type=kotlin.Int value=3072
      BRANCH
        if: CALL 'public final fun EQEQ (arg0: kotlin.Any?, arg1: kotlin.Any?): kotlin.Boolean declared in kotlin.internal.ir' type=kotlin.Boolean origin=null
          arg0: CALL 'public final fun and (other: kotlin.Int): kotlin.Int [infix] declared in kotlin.Int' type=kotlin.Int origin=null
            $this: GET_VAR '$changed: kotlin.Int declared in com.syncodec.graphite.presentation.common.dialog.whereDialog.composable.buildingBlock.ChapterCardKt.Header' type=kotlin.Int origin=null
            other: CONST Int type=kotlin.Int value=7168
          arg1: CONST Int type=kotlin.Int value=0
        then: SET_VAR 'val $dirty: kotlin.Int [val] declared in com.syncodec.graphite.presentation.common.dialog.whereDialog.composable.buildingBlock.ChapterCardKt.Header' type=kotlin.Unit origin=null
          CALL 'public final fun or (other: kotlin.Int): kotlin.Int [infix] declared in kotlin.Int' type=kotlin.Int origin=null
            $this: GET_VAR 'val $dirty: kotlin.Int [val] declared in com.syncodec.graphite.presentation.common.dialog.whereDialog.composable.buildingBlock.ChapterCardKt.Header' type=kotlin.Int origin=null
            other: WHEN type=kotlin.Int origin=IF
              BRANCH
                if: CALL 'public open fun changed (value: kotlin.Boolean): kotlin.Boolean declared in androidx.compose.runtime.Composer' type=kotlin.Boolean origin=null
                  $this: GET_VAR '$composer: androidx.compose.runtime.Composer? [assignable] declared in com.syncodec.graphite.presentation.common.dialog.whereDialog.composable.buildingBlock.ChapterCardKt.Header' type=androidx.compose.runtime.Composer? origin=null
                  value: GET_VAR 'isFavourite: kotlin.Boolean [assignable] declared in com.syncodec.graphite.presentation.common.dialog.whereDialog.composable.buildingBlock.ChapterCardKt.Header' type=kotlin.Boolean origin=null
                then: CONST Int type=kotlin.Int value=2048
              BRANCH
                if: CONST Boolean type=kotlin.Boolean value=true
                then: CONST Int type=kotlin.Int value=1024
    WHEN type=kotlin.Unit origin=IF
      BRANCH
        if: CALL 'public final fun not (): kotlin.Boolean [operator] declared in kotlin.Boolean' type=kotlin.Boolean origin=null
          $this: CALL 'public final fun EQEQ (arg0: kotlin.Any?, arg1: kotlin.Any?): kotlin.Boolean declared in kotlin.internal.ir' type=kotlin.Boolean origin=null
            arg0: CALL 'public final fun and (other: kotlin.Int): kotlin.Int [infix] declared in kotlin.Int' type=kotlin.Int origin=null
              $this: GET_VAR '$default: kotlin.Int declared in com.syncodec.graphite.presentation.common.dialog.whereDialog.composable.buildingBlock.ChapterCardKt.Header' type=kotlin.Int origin=null
              other: CONST Int type=kotlin.Int value=16
            arg1: CONST Int type=kotlin.Int value=0
        then: SET_VAR 'val $dirty: kotlin.Int [val] declared in com.syncodec.graphite.presentation.common.dialog.whereDialog.composable.buildingBlock.ChapterCardKt.Header' type=kotlin.Unit origin=null
          CALL 'public final fun or (other: kotlin.Int): kotlin.Int [infix] declared in kotlin.Int' type=kotlin.Int origin=null
            $this: GET_VAR 'val $dirty: kotlin.Int [val] declared in com.syncodec.graphite.presentation.common.dialog.whereDialog.composable.buildingBlock.ChapterCardKt.Header' type=kotlin.Int origin=null
            other: CONST Int type=kotlin.Int value=24576
      BRANCH
        if: CALL 'public final fun EQEQ (arg0: kotlin.Any?, arg1: kotlin.Any?): kotlin.Boolean declared in kotlin.internal.ir' type=kotlin.Boolean origin=null
          arg0: CALL 'public final fun and (other: kotlin.Int): kotlin.Int [infix] declared in kotlin.Int' type=kotlin.Int origin=null
            $this: GET_VAR '$changed: kotlin.Int declared in com.syncodec.graphite.presentation.common.dialog.whereDialog.composable.buildingBlock.ChapterCardKt.Header' type=kotlin.Int origin=null
            other: CONST Int type=kotlin.Int value=57344
          arg1: CONST Int type=kotlin.Int value=0
        then: SET_VAR 'val $dirty: kotlin.Int [val] declared in com.syncodec.graphite.presentation.common.dialog.whereDialog.composable.buildingBlock.ChapterCardKt.Header' type=kotlin.Unit origin=null
          CALL 'public final fun or (other: kotlin.Int): kotlin.Int [infix] declared in kotlin.Int' type=kotlin.Int origin=null
            $this: GET_VAR 'val $dirty: kotlin.Int [val] declared in com.syncodec.graphite.presentation.common.dialog.whereDialog.composable.buildingBlock.ChapterCardKt.Header' type=kotlin.Int origin=null
            other: WHEN type=kotlin.Int origin=IF
              BRANCH
                if: CALL 'public open fun changed (value: kotlin.Boolean): kotlin.Boolean declared in androidx.compose.runtime.Composer' type=kotlin.Boolean origin=null
                  $this: GET_VAR '$composer: androidx.compose.runtime.Composer? [assignable] declared in com.syncodec.graphite.presentation.common.dialog.whereDialog.composable.buildingBlock.ChapterCardKt.Header' type=androidx.compose.runtime.Composer? origin=null
                  value: GET_VAR 'isLocked: kotlin.Boolean [assignable] declared in com.syncodec.graphite.presentation.common.dialog.whereDialog.composable.buildingBlock.ChapterCardKt.Header' type=kotlin.Boolean origin=null
                then: CONST Int type=kotlin.Int value=16384
              BRANCH
                if: CONST Boolean type=kotlin.Boolean value=true
                then: CONST Int type=kotlin.Int value=8192
    WHEN type=kotlin.Unit origin=IF
      BRANCH
        if: CALL 'public final fun OROR (arg0: kotlin.Boolean, arg1: kotlin.Boolean): kotlin.Boolean declared in kotlin.internal.ir' type=kotlin.Boolean origin=null
          arg0: CALL 'public final fun not (): kotlin.Boolean [operator] declared in kotlin.Boolean' type=kotlin.Boolean origin=null
            $this: CALL 'public final fun EQEQ (arg0: kotlin.Any?, arg1: kotlin.Any?): kotlin.Boolean declared in kotlin.internal.ir' type=kotlin.Boolean origin=null
              arg0: CALL 'public final fun and (other: kotlin.Int): kotlin.Int [infix] declared in kotlin.Int' type=kotlin.Int origin=null
                $this: GET_VAR 'val $dirty: kotlin.Int [val] declared in com.syncodec.graphite.presentation.common.dialog.whereDialog.composable.buildingBlock.ChapterCardKt.Header' type=kotlin.Int origin=null
                other: CONST Int type=kotlin.Int value=46811
              arg1: CONST Int type=kotlin.Int value=9362
          arg1: CALL 'public final fun not (): kotlin.Boolean [operator] declared in kotlin.Boolean' type=kotlin.Boolean origin=null
            $this: CALL 'public abstract fun <get-skipping> (): kotlin.Boolean declared in androidx.compose.runtime.Composer' type=kotlin.Boolean origin=null
              $this: GET_VAR '$composer: androidx.compose.runtime.Composer? [assignable] declared in com.syncodec.graphite.presentation.common.dialog.whereDialog.composable.buildingBlock.ChapterCardKt.Header' type=androidx.compose.runtime.Composer? origin=null
        then: BLOCK type=kotlin.Unit origin=null
          WHEN type=kotlin.Unit origin=IF
            BRANCH
              if: CALL 'public final fun not (): kotlin.Boolean [operator] declared in kotlin.Boolean' type=kotlin.Boolean origin=null
                $this: CALL 'public final fun EQEQ (arg0: kotlin.Any?, arg1: kotlin.Any?): kotlin.Boolean declared in kotlin.internal.ir' type=kotlin.Boolean origin=null
                  arg0: CALL 'public final fun and (other: kotlin.Int): kotlin.Int [infix] declared in kotlin.Int' type=kotlin.Int origin=null
                    $this: GET_VAR '$default: kotlin.Int declared in com.syncodec.graphite.presentation.common.dialog.whereDialog.composable.buildingBlock.ChapterCardKt.Header' type=kotlin.Int origin=null
                    other: CONST Int type=kotlin.Int value=1
                  arg1: CONST Int type=kotlin.Int value=0
              then: SET_VAR 'title: kotlin.String? [assignable] declared in com.syncodec.graphite.presentation.common.dialog.whereDialog.composable.buildingBlock.ChapterCardKt.Header' type=kotlin.Unit origin=null
                CONST String type=kotlin.String value="Untitled"
          WHEN type=kotlin.Unit origin=IF
            BRANCH
              if: CALL 'public final fun not (): kotlin.Boolean [operator] declared in kotlin.Boolean' type=kotlin.Boolean origin=null
                $this: CALL 'public final fun EQEQ (arg0: kotlin.Any?, arg1: kotlin.Any?): kotlin.Boolean declared in kotlin.internal.ir' type=kotlin.Boolean origin=null
                  arg0: CALL 'public final fun and (other: kotlin.Int): kotlin.Int [infix] declared in kotlin.Int' type=kotlin.Int origin=null
                    $this: GET_VAR '$default: kotlin.Int declared in com.syncodec.graphite.presentation.common.dialog.whereDialog.composable.buildingBlock.ChapterCardKt.Header' type=kotlin.Int origin=null
                    other: CONST Int type=kotlin.Int value=2
                  arg1: CONST Int type=kotlin.Int value=0
              then: SET_VAR 'noteCount: kotlin.Int [assignable] declared in com.syncodec.graphite.presentation.common.dialog.whereDialog.composable.buildingBlock.ChapterCardKt.Header' type=kotlin.Unit origin=null
                CONST Int type=kotlin.Int value=0
          WHEN type=kotlin.Unit origin=IF
            BRANCH
              if: CALL 'public final fun not (): kotlin.Boolean [operator] declared in kotlin.Boolean' type=kotlin.Boolean origin=null
                $this: CALL 'public final fun EQEQ (arg0: kotlin.Any?, arg1: kotlin.Any?): kotlin.Boolean declared in kotlin.internal.ir' type=kotlin.Boolean origin=null
                  arg0: CALL 'public final fun and (other: kotlin.Int): kotlin.Int [infix] declared in kotlin.Int' type=kotlin.Int origin=null
                    $this: GET_VAR '$default: kotlin.Int declared in com.syncodec.graphite.presentation.common.dialog.whereDialog.composable.buildingBlock.ChapterCardKt.Header' type=kotlin.Int origin=null
                    other: CONST Int type=kotlin.Int value=4
                  arg1: CONST Int type=kotlin.Int value=0
              then: SET_VAR 'chapterCount: kotlin.Int [assignable] declared in com.syncodec.graphite.presentation.common.dialog.whereDialog.composable.buildingBlock.ChapterCardKt.Header' type=kotlin.Unit origin=null
                CONST Int type=kotlin.Int value=0
          WHEN type=kotlin.Unit origin=IF
            BRANCH
              if: CALL 'public final fun not (): kotlin.Boolean [operator] declared in kotlin.Boolean' type=kotlin.Boolean origin=null
                $this: CALL 'public final fun EQEQ (arg0: kotlin.Any?, arg1: kotlin.Any?): kotlin.Boolean declared in kotlin.internal.ir' type=kotlin.Boolean origin=null
                  arg0: CALL 'public final fun and (other: kotlin.Int): kotlin.Int [infix] declared in kotlin.Int' type=kotlin.Int origin=null
                    $this: GET_VAR '$default: kotlin.Int declared in com.syncodec.graphite.presentation.common.dialog.whereDialog.composable.buildingBlock.ChapterCardKt.Header' type=kotlin.Int origin=null
                    other: CONST Int type=kotlin.Int value=8
                  arg1: CONST Int type=kotlin.Int value=0
              then: SET_VAR 'isFavourite: kotlin.Boolean [assignable] declared in com.syncodec.graphite.presentation.common.dialog.whereDialog.composable.buildingBlock.ChapterCardKt.Header' type=kotlin.Unit origin=null
                CONST Boolean type=kotlin.Boolean value=true
          WHEN type=kotlin.Unit origin=IF
            BRANCH
              if: CALL 'public final fun not (): kotlin.Boolean [operator] declared in kotlin.Boolean' type=kotlin.Boolean origin=null
                $this: CALL 'public final fun EQEQ (arg0: kotlin.Any?, arg1: kotlin.Any?): kotlin.Boolean declared in kotlin.internal.ir' type=kotlin.Boolean origin=null
                  arg0: CALL 'public final fun and (other: kotlin.Int): kotlin.Int [infix] declared in kotlin.Int' type=kotlin.Int origin=null
                    $this: GET_VAR '$default: kotlin.Int declared in com.syncodec.graphite.presentation.common.dialog.whereDialog.composable.buildingBlock.ChapterCardKt.Header' type=kotlin.Int origin=null
                    other: CONST Int type=kotlin.Int value=16
                  arg1: CONST Int type=kotlin.Int value=0
              then: SET_VAR 'isLocked: kotlin.Boolean [assignable] declared in com.syncodec.graphite.presentation.common.dialog.whereDialog.composable.buildingBlock.ChapterCardKt.Header' type=kotlin.Unit origin=null
                CONST Boolean type=kotlin.Boolean value=true
          BLOCK type=kotlin.Unit origin=ARGUMENTS_REORDERING_FOR_CALL
            VAR IR_TEMPORARY_VARIABLE name:tmp1185_verticalAlignment type:androidx.compose.ui.Alignment.Vertical [val]
              CALL 'public final fun <get-CenterVertically> (): androidx.compose.ui.Alignment.Vertical declared in androidx.compose.ui.Alignment.Companion' type=androidx.compose.ui.Alignment.Vertical origin=GET_PROPERTY
                $this: GET_FIELD 'FIELD FIELD_FOR_OBJECT_INSTANCE name:Companion type:androidx.compose.ui.Alignment.Companion visibility:public [final,static]' type=androidx.compose.ui.Alignment.Companion origin=null
            VAR IR_TEMPORARY_VARIABLE name:tmp1186_modifier type:androidx.compose.ui.Modifier [val]
              CALL 'public final fun fillMaxWidth$default (fraction: kotlin.Float, $mask0: kotlin.Int, $handler: kotlin.Any?): androidx.compose.ui.Modifier declared in androidx.compose.foundation.layout.SizeKt' type=androidx.compose.ui.Modifier origin=DEFAULT_DISPATCH_CALL
                $receiver: GET_FIELD 'FIELD FIELD_FOR_OBJECT_INSTANCE name:Companion type:androidx.compose.ui.Modifier.Companion visibility:public [final,static]' type=androidx.compose.ui.Modifier.Companion origin=null
                fraction: COMPOSITE type=kotlin.Float origin=DEFAULT_VALUE
                  CONST Float type=kotlin.Float value=0.0
                $mask0: CONST Int type=kotlin.Int value=1
                $handler: CONST Null type=kotlin.Any? value=null
            CALL 'public final fun Row (modifier: androidx.compose.ui.Modifier?, horizontalArrangement: androidx.compose.foundation.layout.Arrangement.Horizontal?, verticalAlignment: androidx.compose.ui.Alignment.Vertical?, content: @[ExtensionFunctionType] kotlin.Function3<androidx.compose.foundation.layout.RowScope, androidx.compose.runtime.Composer, kotlin.Int, kotlin.Unit>, $composer: androidx.compose.runtime.Composer?, $changed: kotlin.Int, $default: kotlin.Int): kotlin.Unit [inline] declared in androidx.compose.foundation.layout.RowKt' type=kotlin.Unit origin=null
              modifier: GET_VAR 'val tmp1186_modifier: androidx.compose.ui.Modifier [val] declared in com.syncodec.graphite.presentation.common.dialog.whereDialog.composable.buildingBlock.ChapterCardKt.Header' type=androidx.compose.ui.Modifier origin=null
              horizontalArrangement: COMPOSITE type=kotlin.Nothing? origin=DEFAULT_VALUE
                CONST Null type=kotlin.Nothing? value=null
              verticalAlignment: GET_VAR 'val tmp1185_verticalAlignment: androidx.compose.ui.Alignment.Vertical [val] declared in com.syncodec.graphite.presentation.common.dialog.whereDialog.composable.buildingBlock.ChapterCardKt.Header' type=androidx.compose.ui.Alignment.Vertical origin=null
              content: BLOCK type=@[ExtensionFunctionType] kotlin.Function3<androidx.compose.foundation.layout.RowScope, androidx.compose.runtime.Composer, kotlin.Int, kotlin.Unit> origin=LAMBDA
                COMPOSITE type=kotlin.Unit origin=null
                FUNCTION_REFERENCE 'private final fun Header$lambda$14 ($title: kotlin.String?, $noteCount: kotlin.Int, $chapterCount: kotlin.Int, $isLocked: kotlin.Boolean, $isFavourite: kotlin.Boolean, $composer: androidx.compose.runtime.Composer?, $changed: kotlin.Int): kotlin.Unit declared in com.syncodec.graphite.presentation.common.dialog.whereDialog.composable.buildingBlock.ChapterCardKt' type=@[ExtensionFunctionType] kotlin.Function3<androidx.compose.foundation.layout.RowScope, androidx.compose.runtime.Composer, kotlin.Int, kotlin.Unit> origin=INLINE_LAMBDA reflectionTarget=null
                  $title: GET_VAR 'title: kotlin.String? [assignable] declared in com.syncodec.graphite.presentation.common.dialog.whereDialog.composable.buildingBlock.ChapterCardKt.Header' type=kotlin.String? origin=null
                  $noteCount: GET_VAR 'noteCount: kotlin.Int [assignable] declared in com.syncodec.graphite.presentation.common.dialog.whereDialog.composable.buildingBlock.ChapterCardKt.Header' type=kotlin.Int origin=null
                  $chapterCount: GET_VAR 'chapterCount: kotlin.Int [assignable] declared in com.syncodec.graphite.presentation.common.dialog.whereDialog.composable.buildingBlock.ChapterCardKt.Header' type=kotlin.Int origin=null
                  $isLocked: GET_VAR 'isLocked: kotlin.Boolean [assignable] declared in com.syncodec.graphite.presentation.common.dialog.whereDialog.composable.buildingBlock.ChapterCardKt.Header' type=kotlin.Boolean origin=null
                  $isFavourite: GET_VAR 'isFavourite: kotlin.Boolean [assignable] declared in com.syncodec.graphite.presentation.common.dialog.whereDialog.composable.buildingBlock.ChapterCardKt.Header' type=kotlin.Boolean origin=null
              $composer: GET_VAR '$composer: androidx.compose.runtime.Composer? [assignable] declared in com.syncodec.graphite.presentation.common.dialog.whereDialog.composable.buildingBlock.ChapterCardKt.Header' type=androidx.compose.runtime.Composer? origin=null
              $changed: CONST Int type=kotlin.Int value=390
              $default: CONST Int type=kotlin.Int value=2
      BRANCH
        if: CONST Boolean type=kotlin.Boolean value=true
        then: CALL 'public abstract fun skipToGroupEnd (): kotlin.Unit declared in androidx.compose.runtime.Composer' type=kotlin.Unit origin=null
          $this: GET_VAR '$composer: androidx.compose.runtime.Composer? [assignable] declared in com.syncodec.graphite.presentation.common.dialog.whereDialog.composable.buildingBlock.ChapterCardKt.Header' type=androidx.compose.runtime.Composer? origin=null
    BLOCK type=kotlin.Unit origin=null
      BLOCK type=kotlin.Unit origin=FOLDED_SAFE_CALL
        WHEN type=kotlin.Unit origin=FOLDED_SAFE_CALL
          BRANCH
            if: COMPOSITE type=kotlin.Boolean origin=null
              VAR IR_TEMPORARY_VARIABLE name:tmp0_safe_receiver type:androidx.compose.runtime.ScopeUpdateScope? [val]
                CALL 'public abstract fun endRestartGroup (): androidx.compose.runtime.ScopeUpdateScope? declared in androidx.compose.runtime.Composer' type=androidx.compose.runtime.ScopeUpdateScope? origin=null
                  $this: GET_VAR '$composer: androidx.compose.runtime.Composer? [assignable] declared in com.syncodec.graphite.presentation.common.dialog.whereDialog.composable.buildingBlock.ChapterCardKt.Header' type=androidx.compose.runtime.Composer? origin=null
              CALL 'public final fun not (): kotlin.Boolean [operator] declared in kotlin.Boolean' type=kotlin.Boolean origin=null
                $this: CALL 'public final fun EQEQ (arg0: kotlin.Any?, arg1: kotlin.Any?): kotlin.Boolean declared in kotlin.internal.ir' type=kotlin.Boolean origin=null
                  arg0: GET_VAR 'val tmp0_safe_receiver: androidx.compose.runtime.ScopeUpdateScope? [val] declared in com.syncodec.graphite.presentation.common.dialog.whereDialog.composable.buildingBlock.ChapterCardKt.Header' type=androidx.compose.runtime.ScopeUpdateScope? origin=null
                  arg1: CONST Null type=kotlin.Nothing? value=null
            then: CALL 'public abstract fun updateScope (block: kotlin.Function2<androidx.compose.runtime.Composer, kotlin.Int, kotlin.Unit>): kotlin.Unit declared in androidx.compose.runtime.ScopeUpdateScope' type=kotlin.Unit origin=null
              $this: GET_VAR 'val tmp0_safe_receiver: androidx.compose.runtime.ScopeUpdateScope? [val] declared in com.syncodec.graphite.presentation.common.dialog.whereDialog.composable.buildingBlock.ChapterCardKt.Header' type=androidx.compose.runtime.ScopeUpdateScope? origin=null
              block: BLOCK type=kotlin.Function2<androidx.compose.runtime.Composer?, kotlin.Int, kotlin.Unit> origin=LAMBDA
                COMPOSITE type=kotlin.Unit origin=null
                CALL 'public final fun <jvm-indy> <T> (dynamicCall: T of kotlin.jvm.internal.<jvm-indy>, bootstrapMethodHandle: kotlin.Any, vararg bootstrapMethodArguments: kotlin.Any): T of kotlin.jvm.internal.<jvm-indy> declared in kotlin.jvm.internal' type=kotlin.Function2<androidx.compose.runtime.Composer?, kotlin.Int, kotlin.Unit> origin=null
                  <T>: kotlin.Function2<androidx.compose.runtime.Composer?, kotlin.Int, kotlin.Unit>
                  dynamicCall: CALL 'public final fun invoke (p0: kotlin.String?, p1: kotlin.Int, p2: kotlin.Int, p3: kotlin.Boolean, p4: kotlin.Boolean, p5: kotlin.Int, p6: kotlin.Int): kotlin.Function2<androidx.compose.runtime.Composer?, kotlin.Int, kotlin.Unit> declared in kotlin.jvm.internal.invokeDynamic' type=kotlin.Function2<androidx.compose.runtime.Composer?, kotlin.Int, kotlin.Unit> origin=null
                    p0: GET_VAR 'title: kotlin.String? [assignable] declared in com.syncodec.graphite.presentation.common.dialog.whereDialog.composable.buildingBlock.ChapterCardKt.Header' type=kotlin.String? origin=null
                    p1: GET_VAR 'noteCount: kotlin.Int [assignable] declared in com.syncodec.graphite.presentation.common.dialog.whereDialog.composable.buildingBlock.ChapterCardKt.Header' type=kotlin.Int origin=null
                    p2: GET_VAR 'chapterCount: kotlin.Int [assignable] declared in com.syncodec.graphite.presentation.common.dialog.whereDialog.composable.buildingBlock.ChapterCardKt.Header' type=kotlin.Int origin=null
                    p3: GET_VAR 'isFavourite: kotlin.Boolean [assignable] declared in com.syncodec.graphite.presentation.common.dialog.whereDialog.composable.buildingBlock.ChapterCardKt.Header' type=kotlin.Boolean origin=null
                    p4: GET_VAR 'isLocked: kotlin.Boolean [assignable] declared in com.syncodec.graphite.presentation.common.dialog.whereDialog.composable.buildingBlock.ChapterCardKt.Header' type=kotlin.Boolean origin=null
                    p5: GET_VAR '$changed: kotlin.Int declared in com.syncodec.graphite.presentation.common.dialog.whereDialog.composable.buildingBlock.ChapterCardKt.Header' type=kotlin.Int origin=null
                    p6: GET_VAR '$default: kotlin.Int declared in com.syncodec.graphite.presentation.common.dialog.whereDialog.composable.buildingBlock.ChapterCardKt.Header' type=kotlin.Int origin=null
                  bootstrapMethodHandle: CALL 'public final fun <jvm-method-handle> (tag: kotlin.Int, owner: kotlin.String, name: kotlin.String, descriptor: kotlin.String, isInterface: kotlin.Boolean): kotlin.Any declared in kotlin.jvm.internal' type=kotlin.Any origin=null
                    tag: CONST Int type=kotlin.Int value=6
                    owner: CONST String type=kotlin.String value="java/lang/invoke/LambdaMetafactory"
                    name: CONST String type=kotlin.String value="metafactory"
                    descriptor: CONST String type=kotlin.String value="(Ljava/lang/invoke/MethodHandles$Lookup;Ljava/lang/String;Ljava/lang/invoke/MethodType;Ljava/lang/invoke/MethodType;Ljava/lang/invoke/MethodHandle;Ljava/lang/invoke/MethodType;)Ljava/lang/invoke/CallSite;"
                    isInterface: CONST Boolean type=kotlin.Boolean value=false
                  bootstrapMethodArguments: VARARG type=kotlin.Array<kotlin.Any> varargElementType=kotlin.Any
                    CALL 'public final fun <jvm-original-method-type> (method: kotlin.Any): kotlin.Any declared in kotlin.jvm.internal' type=kotlin.Any origin=null
                      method: RAW_FUNCTION_REFERENCE 'public abstract fun invoke (p1: P1 of kotlin.Function2, p2: P2 of kotlin.Function2): R of kotlin.Function2 [operator] declared in kotlin.Function2' type=kotlin.Any
                    RAW_FUNCTION_REFERENCE 'private final fun Header$lambda$15 ($title: kotlin.String?, $noteCount: kotlin.Int, $chapterCount: kotlin.Int, $isFavourite: kotlin.Boolean, $isLocked: kotlin.Boolean, $$changed: kotlin.Int, $$default: kotlin.Int, $composer: androidx.compose.runtime.Composer?, $force: kotlin.Int): kotlin.Unit? declared in com.syncodec.graphite.presentation.common.dialog.whereDialog.composable.buildingBlock.ChapterCardKt' type=kotlin.Any
                    CALL 'public final fun <jvm-original-method-type> (method: kotlin.Any): kotlin.Any declared in kotlin.jvm.internal' type=kotlin.Any origin=null
                      method: RAW_FUNCTION_REFERENCE 'public abstract fun invoke (p1: androidx.compose.runtime.Composer?, p2: kotlin.Int?): kotlin.Unit? [fake_override,operator] declared in kotlin.jvm.internal.invokeDynamic.<fake>' type=kotlin.Any
          BRANCH
            if: CONST Boolean type=kotlin.Boolean value=true
            then: CONST Null type=kotlin.Any? value=null

	at org.jetbrains.kotlin.backend.jvm.codegen.FunctionCodegen.generate(FunctionCodegen.kt:50)
	at org.jetbrains.kotlin.backend.jvm.codegen.FunctionCodegen.generate$default(FunctionCodegen.kt:42)
	at org.jetbrains.kotlin.backend.jvm.codegen.ClassCodegen.generateMethodNode(ClassCodegen.kt:385)
	at org.jetbrains.kotlin.backend.jvm.codegen.ClassCodegen.generateMethod(ClassCodegen.kt:402)
	at org.jetbrains.kotlin.backend.jvm.codegen.ClassCodegen.generate(ClassCodegen.kt:169)
	at org.jetbrains.kotlin.backend.jvm.FileCodegen.lower(JvmPhases.kt:41)
	at org.jetbrains.kotlin.backend.common.phaser.PhaseBuildersKt.makeIrFilePhase$lambda$5(PhaseBuilders.kt:114)
	at org.jetbrains.kotlin.backend.common.phaser.PhaseBuildersKt$createSimpleNamedCompilerPhase$1.phaseBody(PhaseBuilders.kt:71)
	at org.jetbrains.kotlin.backend.common.phaser.SimpleNamedCompilerPhase.phaseBody(CompilerPhase.kt:226)
	at org.jetbrains.kotlin.backend.common.phaser.AbstractNamedCompilerPhase.invoke(CompilerPhase.kt:113)
	at org.jetbrains.kotlin.backend.common.phaser.PerformByIrFilePhase.invokeSequential(performByIrFile.kt:62)
	... 43 more
Caused by: java.lang.RuntimeException: Exception while generating code for:
FUN INLINE_LAMBDA name:Header$lambda$14 visibility:private modality:FINAL <> ($receiver:androidx.compose.foundation.layout.RowScope, $title:kotlin.String?, $noteCount:kotlin.Int, $chapterCount:kotlin.Int, $isLocked:kotlin.Boolean, $isFavourite:kotlin.Boolean, $composer:androidx.compose.runtime.Composer?, $changed:kotlin.Int) returnType:kotlin.Unit
  annotations:
    Composable
    ComposableTarget(applier = "androidx.compose.ui.UiComposable")
  $receiver: VALUE_PARAMETER name:$this$Row type:androidx.compose.foundation.layout.RowScope
  VALUE_PARAMETER BOUND_VALUE_PARAMETER name:$title index:0 type:kotlin.String?
  VALUE_PARAMETER BOUND_VALUE_PARAMETER name:$noteCount index:1 type:kotlin.Int
  VALUE_PARAMETER BOUND_VALUE_PARAMETER name:$chapterCount index:2 type:kotlin.Int
  VALUE_PARAMETER BOUND_VALUE_PARAMETER name:$isLocked index:3 type:kotlin.Boolean
  VALUE_PARAMETER BOUND_VALUE_PARAMETER name:$isFavourite index:4 type:kotlin.Boolean
  VALUE_PARAMETER name:$composer index:5 type:androidx.compose.runtime.Composer? [assignable]
  VALUE_PARAMETER name:$changed index:6 type:kotlin.Int
  BLOCK_BODY
    VAR name:$i$a$-Row-ChapterCardKt$Header$1 type:kotlin.Int [val]
      CONST Int type=kotlin.Int value=0
    BLOCK type=kotlin.Unit origin=null
      CALL 'public final fun sourceInformationMarkerStart (composer: androidx.compose.runtime.Composer, key: kotlin.Int, sourceInformation: kotlin.String): kotlin.Unit declared in androidx.compose.runtime.ComposerKt' type=kotlin.Unit origin=null
        composer: GET_VAR '$composer: androidx.compose.runtime.Composer? [assignable] declared in com.syncodec.graphite.presentation.common.dialog.whereDialog.composable.buildingBlock.ChapterCardKt.Header$lambda$14' type=androidx.compose.runtime.Composer? origin=null
        key: CONST Int type=kotlin.Int value=414779628
        sourceInformation: CONST String type=kotlin.String value="C194@6530L10,192@6468L173,199@6644L39,201@6756L11,200@6686L1794:ChapterCard.kt#1jkmov"
      COMPOSITE type=kotlin.Unit origin=null
        BLOCK type=kotlin.Unit origin=ARGUMENTS_REORDERING_FOR_CALL
          VAR IR_TEMPORARY_VARIABLE name:tmp1158_text type:kotlin.String [val]
            BLOCK type=kotlin.String origin=FOLDED_ELVIS
              WHEN type=kotlin.String origin=FOLDED_ELVIS
                BRANCH
                  if: COMPOSITE type=kotlin.Boolean origin=null
                    CALL 'public final fun not (): kotlin.Boolean [operator] declared in kotlin.Boolean' type=kotlin.Boolean origin=null
                      $this: CALL 'public final fun EQEQ (arg0: kotlin.Any?, arg1: kotlin.Any?): kotlin.Boolean declared in kotlin.internal.ir' type=kotlin.Boolean origin=null
                        arg0: GET_VAR '$title: kotlin.String? declared in com.syncodec.graphite.presentation.common.dialog.whereDialog.composable.buildingBlock.ChapterCardKt.Header$lambda$14' type=kotlin.String? origin=null
                        arg1: CONST Null type=kotlin.Nothing? value=null
                  then: GET_VAR '$title: kotlin.String? declared in com.syncodec.graphite.presentation.common.dialog.whereDialog.composable.buildingBlock.ChapterCardKt.Header$lambda$14' type=kotlin.String? origin=null
                BRANCH
                  if: CONST Boolean type=kotlin.Boolean value=true
                  then: CONST String type=kotlin.String value="Untitled"
          VAR IR_TEMPORARY_VARIABLE name:tmp1159_style type:androidx.compose.ui.text.TextStyle [val]
            CALL 'public final fun <get-titleMedium> (): androidx.compose.ui.text.TextStyle declared in androidx.compose.material3.Typography' type=androidx.compose.ui.text.TextStyle origin=GET_PROPERTY
              $this: CALL 'public final fun <get-typography> ($composer: androidx.compose.runtime.Composer?, $changed: kotlin.Int): androidx.compose.material3.Typography declared in androidx.compose.material3.MaterialTheme' type=androidx.compose.material3.Typography origin=GET_PROPERTY
                $this: GET_FIELD 'FIELD FIELD_FOR_OBJECT_INSTANCE name:INSTANCE type:androidx.compose.material3.MaterialTheme visibility:public [final,static]' type=androidx.compose.material3.MaterialTheme origin=null
                $composer: GET_VAR '$composer: androidx.compose.runtime.Composer? [assignable] declared in com.syncodec.graphite.presentation.common.dialog.whereDialog.composable.buildingBlock.ChapterCardKt.Header$lambda$14' type=androidx.compose.runtime.Composer? origin=null
                $changed: GET_FIELD 'FIELD name:$stable type:kotlin.Int visibility:public [final,static]' type=kotlin.Int origin=null
          VAR IR_TEMPORARY_VARIABLE name:tmp1160_fontWeight type:androidx.compose.ui.text.font.FontWeight [val]
            CALL 'public final fun <get-Bold> (): androidx.compose.ui.text.font.FontWeight declared in androidx.compose.ui.text.font.FontWeight.Companion' type=androidx.compose.ui.text.font.FontWeight origin=GET_PROPERTY
              $this: GET_FIELD 'FIELD FIELD_FOR_OBJECT_INSTANCE name:Companion type:androidx.compose.ui.text.font.FontWeight.Companion visibility:public [final,static]' type=androidx.compose.ui.text.font.FontWeight.Companion origin=null
          VAR IR_TEMPORARY_VARIABLE name:tmp1161_modifier type:androidx.compose.ui.Modifier [val]
            CALL 'public final fun weight$default ($this: androidx.compose.foundation.layout.RowScope, $receiver: androidx.compose.ui.Modifier, weight: kotlin.Float, fill: kotlin.Boolean, $mask0: kotlin.Int, $handler: kotlin.Any?): androidx.compose.ui.Modifier declared in androidx.compose.foundation.layout.RowScope' type=androidx.compose.ui.Modifier origin=DEFAULT_DISPATCH_CALL
              $this: GET_VAR '$this$Row: androidx.compose.foundation.layout.RowScope declared in com.syncodec.graphite.presentation.common.dialog.whereDialog.composable.buildingBlock.ChapterCardKt.Header$lambda$14' type=androidx.compose.foundation.layout.RowScope origin=null
              $receiver: GET_FIELD 'FIELD FIELD_FOR_OBJECT_INSTANCE name:Companion type:androidx.compose.ui.Modifier.Companion visibility:public [final,static]' type=androidx.compose.ui.Modifier.Companion origin=null
              weight: CONST Float type=kotlin.Float value=1.0
              fill: COMPOSITE type=kotlin.Boolean origin=DEFAULT_VALUE
                CONST Boolean type=kotlin.Boolean value=false
              $mask0: CONST Int type=kotlin.Int value=2
              $handler: CONST Null type=kotlin.Any? value=null
          CALL 'public final fun Text--4IGK_g (text: kotlin.String, modifier: androidx.compose.ui.Modifier?, color: androidx.compose.ui.graphics.Color, fontSize: androidx.compose.ui.unit.TextUnit, fontStyle: androidx.compose.ui.text.font.FontStyle?, fontWeight: androidx.compose.ui.text.font.FontWeight?, fontFamily: androidx.compose.ui.text.font.FontFamily?, letterSpacing: androidx.compose.ui.unit.TextUnit, textDecoration: androidx.compose.ui.text.style.TextDecoration?, textAlign: androidx.compose.ui.text.style.TextAlign?, lineHeight: androidx.compose.ui.unit.TextUnit, overflow: androidx.compose.ui.text.style.TextOverflow, softWrap: kotlin.Boolean, maxLines: kotlin.Int, minLines: kotlin.Int, onTextLayout: kotlin.Function1<androidx.compose.ui.text.TextLayoutResult, kotlin.Unit>?, style: androidx.compose.ui.text.TextStyle?, $composer: androidx.compose.runtime.Composer?, $changed: kotlin.Int, $changed1: kotlin.Int, $default: kotlin.Int): kotlin.Unit declared in androidx.compose.material3.TextKt' type=kotlin.Unit origin=null
            text: GET_VAR 'val tmp1158_text: kotlin.String [val] declared in com.syncodec.graphite.presentation.common.dialog.whereDialog.composable.buildingBlock.ChapterCardKt.Header$lambda$14' type=kotlin.String origin=null
            modifier: GET_VAR 'val tmp1161_modifier: androidx.compose.ui.Modifier [val] declared in com.syncodec.graphite.presentation.common.dialog.whereDialog.composable.buildingBlock.ChapterCardKt.Header$lambda$14' type=androidx.compose.ui.Modifier origin=null
            color: COMPOSITE type=androidx.compose.ui.graphics.Color origin=DEFAULT_VALUE
              CALL 'public final fun <unsafe-coerce> <T, R> (v: T of kotlin.jvm.internal.<unsafe-coerce>): R of kotlin.jvm.internal.<unsafe-coerce> declared in kotlin.jvm.internal' type=androidx.compose.ui.graphics.Color origin=null
                <T>: kotlin.Long
                <R>: androidx.compose.ui.graphics.Color
                v: CONST Long type=kotlin.Long value=0
            fontSize: COMPOSITE type=androidx.compose.ui.unit.TextUnit origin=DEFAULT_VALUE
              CALL 'public final fun <unsafe-coerce> <T, R> (v: T of kotlin.jvm.internal.<unsafe-coerce>): R of kotlin.jvm.internal.<unsafe-coerce> declared in kotlin.jvm.internal' type=androidx.compose.ui.unit.TextUnit origin=null
                <T>: kotlin.Long
                <R>: androidx.compose.ui.unit.TextUnit
                v: CONST Long type=kotlin.Long value=0
            fontStyle: COMPOSITE type=kotlin.Nothing? origin=DEFAULT_VALUE
              CONST Null type=kotlin.Nothing? value=null
            fontWeight: GET_VAR 'val tmp1160_fontWeight: androidx.compose.ui.text.font.FontWeight [val] declared in com.syncodec.graphite.presentation.common.dialog.whereDialog.composable.buildingBlock.ChapterCardKt.Header$lambda$14' type=androidx.compose.ui.text.font.FontWeight origin=null
            fontFamily: COMPOSITE type=kotlin.Nothing? origin=DEFAULT_VALUE
              CONST Null type=kotlin.Nothing? value=null
            letterSpacing: COMPOSITE type=androidx.compose.ui.unit.TextUnit origin=DEFAULT_VALUE
              CALL 'public final fun <unsafe-coerce> <T, R> (v: T of kotlin.jvm.internal.<unsafe-coerce>): R of kotlin.jvm.internal.<unsafe-coerce> declared in kotlin.jvm.internal' type=androidx.compose.ui.unit.TextUnit origin=null
                <T>: kotlin.Long
                <R>: androidx.compose.ui.unit.TextUnit
                v: CONST Long type=kotlin.Long value=0
            textDecoration: COMPOSITE type=kotlin.Nothing? origin=DEFAULT_VALUE
              CONST Null type=kotlin.Nothing? value=null
            textAlign: COMPOSITE type=kotlin.Nothing? origin=DEFAULT_VALUE
              CONST Null type=kotlin.Nothing? value=null
            lineHeight: COMPOSITE type=androidx.compose.ui.unit.TextUnit origin=DEFAULT_VALUE
              CALL 'public final fun <unsafe-coerce> <T, R> (v: T of kotlin.jvm.internal.<unsafe-coerce>): R of kotlin.jvm.internal.<unsafe-coerce> declared in kotlin.jvm.internal' type=androidx.compose.ui.unit.TextUnit origin=null
                <T>: kotlin.Long
                <R>: androidx.compose.ui.unit.TextUnit
                v: CONST Long type=kotlin.Long value=0
            overflow: COMPOSITE type=androidx.compose.ui.text.style.TextOverflow origin=DEFAULT_VALUE
              CALL 'public final fun <unsafe-coerce> <T, R> (v: T of kotlin.jvm.internal.<unsafe-coerce>): R of kotlin.jvm.internal.<unsafe-coerce> declared in kotlin.jvm.internal' type=androidx.compose.ui.text.style.TextOverflow origin=null
                <T>: kotlin.Int
                <R>: androidx.compose.ui.text.style.TextOverflow
                v: CONST Int type=kotlin.Int value=0
            softWrap: COMPOSITE type=kotlin.Boolean origin=DEFAULT_VALUE
              CONST Boolean type=kotlin.Boolean value=false
            maxLines: CONST Int type=kotlin.Int value=1
            minLines: COMPOSITE type=kotlin.Int origin=DEFAULT_VALUE
              CONST Int type=kotlin.Int value=0
            onTextLayout: COMPOSITE type=kotlin.Nothing? origin=DEFAULT_VALUE
              CONST Null type=kotlin.Nothing? value=null
            style: GET_VAR 'val tmp1159_style: androidx.compose.ui.text.TextStyle [val] declared in com.syncodec.graphite.presentation.common.dialog.whereDialog.composable.buildingBlock.ChapterCardKt.Header$lambda$14' type=androidx.compose.ui.text.TextStyle origin=null
            $composer: GET_VAR '$composer: androidx.compose.runtime.Composer? [assignable] declared in com.syncodec.graphite.presentation.common.dialog.whereDialog.composable.buildingBlock.ChapterCardKt.Header$lambda$14' type=androidx.compose.runtime.Composer? origin=null
            $changed: CONST Int type=kotlin.Int value=196608
            $changed1: CONST Int type=kotlin.Int value=3072
            $default: CONST Int type=kotlin.Int value=57308
        CALL 'public final fun Spacer (modifier: androidx.compose.ui.Modifier, $composer: androidx.compose.runtime.Composer?, $changed: kotlin.Int): kotlin.Unit declared in androidx.compose.foundation.layout.SpacerKt' type=kotlin.Unit origin=null
          modifier: CALL 'public final fun width-3ABfNKs (width: androidx.compose.ui.unit.Dp): androidx.compose.ui.Modifier declared in androidx.compose.foundation.layout.SizeKt' type=androidx.compose.ui.Modifier origin=null
            $receiver: GET_FIELD 'FIELD FIELD_FOR_OBJECT_INSTANCE name:Companion type:androidx.compose.ui.Modifier.Companion visibility:public [final,static]' type=androidx.compose.ui.Modifier.Companion origin=null
            width: CALL 'public final fun <get-dp> (): androidx.compose.ui.unit.Dp [inline] declared in androidx.compose.ui.unit.DpKt' type=androidx.compose.ui.unit.Dp origin=GET_PROPERTY
              $receiver: CONST Int type=kotlin.Int value=8
          $composer: GET_VAR '$composer: androidx.compose.runtime.Composer? [assignable] declared in com.syncodec.graphite.presentation.common.dialog.whereDialog.composable.buildingBlock.ChapterCardKt.Header$lambda$14' type=androidx.compose.runtime.Composer? origin=null
          $changed: CONST Int type=kotlin.Int value=6
        CALL 'public final fun CompositionLocalProvider (value: androidx.compose.runtime.ProvidedValue<*>, content: kotlin.Function2<androidx.compose.runtime.Composer, kotlin.Int, kotlin.Unit>, $composer: androidx.compose.runtime.Composer?, $changed: kotlin.Int): kotlin.Unit declared in androidx.compose.runtime.CompositionLocalKt' type=kotlin.Unit origin=null
          value: CALL 'public final fun provides (value: T of androidx.compose.runtime.ProvidableCompositionLocal): androidx.compose.runtime.ProvidedValue<T of androidx.compose.runtime.ProvidableCompositionLocal> [infix] declared in androidx.compose.runtime.ProvidableCompositionLocal' type=androidx.compose.runtime.ProvidedValue<androidx.compose.ui.graphics.Color> origin=null
            $this: CALL 'public final fun <get-LocalContentColor> (): androidx.compose.runtime.ProvidableCompositionLocal<androidx.compose.ui.graphics.Color> declared in androidx.compose.material3.ContentColorKt' type=androidx.compose.runtime.ProvidableCompositionLocal<androidx.compose.ui.graphics.Color> origin=GET_PROPERTY
            value: CALL 'public final fun getOnSurface-0d7_KjU (): androidx.compose.ui.graphics.Color declared in androidx.compose.material3.ColorScheme' type=androidx.compose.ui.graphics.Color origin=GET_PROPERTY
              $this: CALL 'public final fun <get-colorScheme> ($composer: androidx.compose.runtime.Composer?, $changed: kotlin.Int): androidx.compose.material3.ColorScheme declared in androidx.compose.material3.MaterialTheme' type=androidx.compose.material3.ColorScheme origin=GET_PROPERTY
                $this: GET_FIELD 'FIELD FIELD_FOR_OBJECT_INSTANCE name:INSTANCE type:androidx.compose.material3.MaterialTheme visibility:public [final,static]' type=androidx.compose.material3.MaterialTheme origin=null
                $composer: GET_VAR '$composer: androidx.compose.runtime.Composer? [assignable] declared in com.syncodec.graphite.presentation.common.dialog.whereDialog.composable.buildingBlock.ChapterCardKt.Header$lambda$14' type=androidx.compose.runtime.Composer? origin=null
                $changed: GET_FIELD 'FIELD name:$stable type:kotlin.Int visibility:public [final,static]' type=kotlin.Int origin=null
          content: CALL 'public final fun composableLambda (composer: androidx.compose.runtime.Composer, key: kotlin.Int, tracked: kotlin.Boolean, block: kotlin.Any): androidx.compose.runtime.internal.ComposableLambda declared in androidx.compose.runtime.internal.ComposableLambdaKt' type=androidx.compose.runtime.internal.ComposableLambda origin=null
            composer: GET_VAR '$composer: androidx.compose.runtime.Composer? [assignable] declared in com.syncodec.graphite.presentation.common.dialog.whereDialog.composable.buildingBlock.ChapterCardKt.Header$lambda$14' type=androidx.compose.runtime.Composer? origin=null
            key: CONST Int type=kotlin.Int value=121015160
            tracked: CONST Boolean type=kotlin.Boolean value=true
            block: BLOCK type=com.syncodec.graphite.presentation.common.dialog.whereDialog.composable.buildingBlock.ChapterCardKt.Header$lambda$14.<no name provided> origin=null
              CLASS LAMBDA_IMPL CLASS name:<no name provided> modality:FINAL visibility:public/*package*/ superTypes:[kotlin.Any; kotlin.Function2<androidx.compose.runtime.Composer, kotlin.Int, kotlin.Unit>]
                $this: VALUE_PARAMETER INSTANCE_RECEIVER name:<this> type:com.syncodec.graphite.presentation.common.dialog.whereDialog.composable.buildingBlock.ChapterCardKt.Header$lambda$14.<no name provided>
                CONSTRUCTOR GENERATED_MEMBER_IN_CALLABLE_REFERENCE visibility:public/*package*/ <> ($noteCount:kotlin.Int, $chapterCount:kotlin.Int, $isLocked:kotlin.Boolean, $isFavourite:kotlin.Boolean) returnType:com.syncodec.graphite.presentation.common.dialog.whereDialog.composable.buildingBlock.ChapterCardKt.Header$lambda$14.<no name provided> [primary]
                  VALUE_PARAMETER BOUND_VALUE_PARAMETER name:$noteCount index:0 type:kotlin.Int
                  VALUE_PARAMETER BOUND_VALUE_PARAMETER name:$chapterCount index:1 type:kotlin.Int
                  VALUE_PARAMETER BOUND_VALUE_PARAMETER name:$isLocked index:2 type:kotlin.Boolean
                  VALUE_PARAMETER BOUND_VALUE_PARAMETER name:$isFavourite index:3 type:kotlin.Boolean
                  BLOCK_BODY
                    SET_FIELD 'FIELD FIELD_FOR_CAPTURED_VALUE name:$noteCount type:kotlin.Int visibility:public/*package*/ [final]' type=kotlin.Unit origin=INITIALIZER_OF_FIELD_FOR_CAPTURED_VALUE
                      receiver: GET_VAR '<this>: com.syncodec.graphite.presentation.common.dialog.whereDialog.composable.buildingBlock.ChapterCardKt.Header$lambda$14.<no name provided> declared in com.syncodec.graphite.presentation.common.dialog.whereDialog.composable.buildingBlock.ChapterCardKt.Header$lambda$14.<no name provided>' type=com.syncodec.graphite.presentation.common.dialog.whereDialog.composable.buildingBlock.ChapterCardKt.Header$lambda$14.<no name provided> origin=null
                      value: GET_VAR '$noteCount: kotlin.Int declared in com.syncodec.graphite.presentation.common.dialog.whereDialog.composable.buildingBlock.ChapterCardKt.Header$lambda$14.<no name provided>.<init>' type=kotlin.Int origin=null
                    SET_FIELD 'FIELD FIELD_FOR_CAPTURED_VALUE name:$chapterCount type:kotlin.Int visibility:public/*package*/ [final]' type=kotlin.Unit origin=INITIALIZER_OF_FIELD_FOR_CAPTURED_VALUE
                      receiver: GET_VAR '<this>: com.syncodec.graphite.presentation.common.dialog.whereDialog.composable.buildingBlock.ChapterCardKt.Header$lambda$14.<no name provided> declared in com.syncodec.graphite.presentation.common.dialog.whereDialog.composable.buildingBlock.ChapterCardKt.Header$lambda$14.<no name provided>' type=com.syncodec.graphite.presentation.common.dialog.whereDialog.composable.buildingBlock.ChapterCardKt.Header$lambda$14.<no name provided> origin=null
                      value: GET_VAR '$chapterCount: kotlin.Int declared in com.syncodec.graphite.presentation.common.dialog.whereDialog.composable.buildingBlock.ChapterCardKt.Header$lambda$14.<no name provided>.<init>' type=kotlin.Int origin=null
                    SET_FIELD 'FIELD FIELD_FOR_CAPTURED_VALUE name:$isLocked type:kotlin.Boolean visibility:public/*package*/ [final]' type=kotlin.Unit origin=INITIALIZER_OF_FIELD_FOR_CAPTURED_VALUE
                      receiver: GET_VAR '<this>: com.syncodec.graphite.presentation.common.dialog.whereDialog.composable.buildingBlock.ChapterCardKt.Header$lambda$14.<no name provided> declared in com.syncodec.graphite.presentation.common.dialog.whereDialog.composable.buildingBlock.ChapterCardKt.Header$lambda$14.<no name provided>' type=com.syncodec.graphite.presentation.common.dialog.whereDialog.composable.buildingBlock.ChapterCardKt.Header$lambda$14.<no name provided> origin=null
                      value: GET_VAR '$isLocked: kotlin.Boolean declared in com.syncodec.graphite.presentation.common.dialog.whereDialog.composable.buildingBlock.ChapterCardKt.Header$lambda$14.<no name provided>.<init>' type=kotlin.Boolean origin=null
                    SET_FIELD 'FIELD FIELD_FOR_CAPTURED_VALUE name:$isFavourite type:kotlin.Boolean visibility:public/*package*/ [final]' type=kotlin.Unit origin=INITIALIZER_OF_FIELD_FOR_CAPTURED_VALUE
                      receiver: GET_VAR '<this>: com.syncodec.graphite.presentation.common.dialog.whereDialog.composable.buildingBlock.ChapterCardKt.Header$lambda$14.<no name provided> declared in com.syncodec.graphite.presentation.common.dialog.whereDialog.composable.buildingBlock.ChapterCardKt.Header$lambda$14.<no name provided>' type=com.syncodec.graphite.presentation.common.dialog.whereDialog.composable.buildingBlock.ChapterCardKt.Header$lambda$14.<no name provided> origin=null
                      value: GET_VAR '$isFavourite: kotlin.Boolean declared in com.syncodec.graphite.presentation.common.dialog.whereDialog.composable.buildingBlock.ChapterCardKt.Header$lambda$14.<no name provided>.<init>' type=kotlin.Boolean origin=null
                    DELEGATING_CONSTRUCTOR_CALL 'public constructor <init> () [primary] declared in kotlin.Any'
                    BLOCK type=kotlin.Unit origin=null
                FUN name:invoke visibility:public modality:FINAL <> ($this:com.syncodec.graphite.presentation.common.dialog.whereDialog.composable.buildingBlock.ChapterCardKt.Header$lambda$14.<no name provided>, $composer:androidx.compose.runtime.Composer?, $changed:kotlin.Int) returnType:kotlin.Unit
                  annotations:
                    Composable
                    ComposableTarget(applier = "androidx.compose.ui.UiComposable")
                  overridden:
                    public abstract fun invoke (p1: P1 of kotlin.Function2, p2: P2 of kotlin.Function2): R of kotlin.Function2 [operator] declared in kotlin.Function2
                  $this: VALUE_PARAMETER INSTANCE_RECEIVER name:<this> type:com.syncodec.graphite.presentation.common.dialog.whereDialog.composable.buildingBlock.ChapterCardKt.Header$lambda$14.<no name provided>
                  VALUE_PARAMETER name:$composer index:0 type:androidx.compose.runtime.Composer? [assignable]
                  VALUE_PARAMETER name:$changed index:1 type:kotlin.Int
                  BLOCK_BODY
                    CALL 'public final fun sourceInformation (composer: androidx.compose.runtime.Composer, sourceInformation: kotlin.String): kotlin.Unit declared in androidx.compose.runtime.ComposerKt' type=kotlin.Unit origin=null
                      composer: GET_VAR '$composer: androidx.compose.runtime.Composer? [assignable] declared in com.syncodec.graphite.presentation.common.dialog.whereDialog.composable.buildingBlock.ChapterCardKt.Header$lambda$14.<no name provided>.invoke' type=androidx.compose.runtime.Composer? origin=null
                      sourceInformation: CONST String type=kotlin.String value="C204@6842L11,204@6900L6,203@6788L1688:ChapterCard.kt#1jkmov"
                    WHEN type=kotlin.Unit origin=IF
                      BRANCH
                        if: CALL 'public final fun OROR (arg0: kotlin.Boolean, arg1: kotlin.Boolean): kotlin.Boolean declared in kotlin.internal.ir' type=kotlin.Boolean origin=null
                          arg0: CALL 'public final fun not (): kotlin.Boolean [operator] declared in kotlin.Boolean' type=kotlin.Boolean origin=null
                            $this: CALL 'public final fun EQEQ (arg0: kotlin.Any?, arg1: kotlin.Any?): kotlin.Boolean declared in kotlin.internal.ir' type=kotlin.Boolean origin=null
                              arg0: CALL 'public final fun and (other: kotlin.Int): kotlin.Int [infix] declared in kotlin.Int' type=kotlin.Int origin=null
                                $this: GET_VAR '$changed: kotlin.Int declared in com.syncodec.graphite.presentation.common.dialog.whereDialog.composable.buildingBlock.ChapterCardKt.Header$lambda$14.<no name provided>.invoke' type=kotlin.Int origin=null
                                other: CONST Int type=kotlin.Int value=11
                              arg1: CONST Int type=kotlin.Int value=2
                          arg1: CALL 'public final fun not (): kotlin.Boolean [operator] declared in kotlin.Boolean' type=kotlin.Boolean origin=null
                            $this: CALL 'public abstract fun <get-skipping> (): kotlin.Boolean declared in androidx.compose.runtime.Composer' type=kotlin.Boolean origin=null
                              $this: GET_VAR '$composer: androidx.compose.runtime.Composer? [assignable] declared in com.syncodec.graphite.presentation.common.dialog.whereDialog.composable.buildingBlock.ChapterCardKt.Header$lambda$14.<no name provided>.invoke' type=androidx.compose.runtime.Composer? origin=null
                        then: BLOCK type=kotlin.Unit origin=null
                          CALL 'public final fun Box (modifier: androidx.compose.ui.Modifier?, contentAlignment: androidx.compose.ui.Alignment?, propagateMinConstraints: kotlin.Boolean, content: @[ExtensionFunctionType] kotlin.Function3<androidx.compose.foundation.layout.BoxScope, androidx.compose.runtime.Composer, kotlin.Int, kotlin.Unit>, $composer: androidx.compose.runtime.Composer?, $changed: kotlin.Int, $default: kotlin.Int): kotlin.Unit [inline] declared in androidx.compose.foundation.layout.BoxKt' type=kotlin.Unit origin=null
                            modifier: CALL 'public final fun background-bw27NRU (color: androidx.compose.ui.graphics.Color, shape: androidx.compose.ui.graphics.Shape): androidx.compose.ui.Modifier declared in androidx.compose.foundation.BackgroundKt' type=androidx.compose.ui.Modifier origin=null
                              $receiver: GET_FIELD 'FIELD FIELD_FOR_OBJECT_INSTANCE name:Companion type:androidx.compose.ui.Modifier.Companion visibility:public [final,static]' type=androidx.compose.ui.Modifier.Companion origin=null
                              color: CALL 'public final fun copy-wmQWz5c$default (arg0: androidx.compose.ui.graphics.Color, alpha: kotlin.Float, red: kotlin.Float, green: kotlin.Float, blue: kotlin.Float, $mask0: kotlin.Int, $handler: kotlin.Any?): androidx.compose.ui.graphics.Color declared in androidx.compose.ui.graphics.Color' type=androidx.compose.ui.graphics.Color origin=DEFAULT_DISPATCH_CALL
                                arg0: CALL 'public final fun getBackground-0d7_KjU (): androidx.compose.ui.graphics.Color declared in androidx.compose.material3.ColorScheme' type=androidx.compose.ui.graphics.Color origin=GET_PROPERTY
                                  $this: CALL 'public final fun <get-colorScheme> ($composer: androidx.compose.runtime.Composer?, $changed: kotlin.Int): androidx.compose.material3.ColorScheme declared in androidx.compose.material3.MaterialTheme' type=androidx.compose.material3.ColorScheme origin=GET_PROPERTY
                                    $this: GET_FIELD 'FIELD FIELD_FOR_OBJECT_INSTANCE name:INSTANCE type:androidx.compose.material3.MaterialTheme visibility:public [final,static]' type=androidx.compose.material3.MaterialTheme origin=null
                                    $composer: GET_VAR '$composer: androidx.compose.runtime.Composer? [assignable] declared in com.syncodec.graphite.presentation.common.dialog.whereDialog.composable.buildingBlock.ChapterCardKt.Header$lambda$14.<no name provided>.invoke' type=androidx.compose.runtime.Composer? origin=null
                                    $changed: GET_FIELD 'FIELD name:$stable type:kotlin.Int visibility:public [final,static]' type=kotlin.Int origin=null
                                alpha: CONST Float type=kotlin.Float value=0.71
                                red: COMPOSITE type=kotlin.Float origin=DEFAULT_VALUE
                                  CONST Float type=kotlin.Float value=0.0
                                green: COMPOSITE type=kotlin.Float origin=DEFAULT_VALUE
                                  CONST Float type=kotlin.Float value=0.0
                                blue: COMPOSITE type=kotlin.Float origin=DEFAULT_VALUE
                                  CONST Float type=kotlin.Float value=0.0
                                $mask0: CONST Int type=kotlin.Int value=14
                                $handler: CONST Null type=kotlin.Any? value=null
                              shape: CALL 'public final fun <get-small> (): androidx.compose.foundation.shape.CornerBasedShape declared in androidx.compose.material3.Shapes' type=androidx.compose.foundation.shape.CornerBasedShape origin=GET_PROPERTY
                                $this: CALL 'public final fun <get-shapes> ($composer: androidx.compose.runtime.Composer?, $changed: kotlin.Int): androidx.compose.material3.Shapes declared in androidx.compose.material3.MaterialTheme' type=androidx.compose.material3.Shapes origin=GET_PROPERTY
                                  $this: GET_FIELD 'FIELD FIELD_FOR_OBJECT_INSTANCE name:INSTANCE type:androidx.compose.material3.MaterialTheme visibility:public [final,static]' type=androidx.compose.material3.MaterialTheme origin=null
                                  $composer: GET_VAR '$composer: androidx.compose.runtime.Composer? [assignable] declared in com.syncodec.graphite.presentation.common.dialog.whereDialog.composable.buildingBlock.ChapterCardKt.Header$lambda$14.<no name provided>.invoke' type=androidx.compose.runtime.Composer? origin=null
                                  $changed: GET_FIELD 'FIELD name:$stable type:kotlin.Int visibility:public [final,static]' type=kotlin.Int origin=null
                            contentAlignment: COMPOSITE type=kotlin.Nothing? origin=DEFAULT_VALUE
                              CONST Null type=kotlin.Nothing? value=null
                            propagateMinConstraints: COMPOSITE type=kotlin.Boolean origin=DEFAULT_VALUE
                              CONST Boolean type=kotlin.Boolean value=false
                            content: BLOCK type=@[ExtensionFunctionType] kotlin.Function3<androidx.compose.foundation.layout.BoxScope, androidx.compose.runtime.Composer, kotlin.Int, kotlin.Unit> origin=LAMBDA
                              COMPOSITE type=kotlin.Unit origin=null
                              FUNCTION_REFERENCE 'private final fun invoke$lambda$1 ($noteCount: kotlin.Int, $chapterCount: kotlin.Int, $isLocked: kotlin.Boolean, $isFavourite: kotlin.Boolean, $composer: androidx.compose.runtime.Composer?, $changed: kotlin.Int): kotlin.Unit declared in com.syncodec.graphite.presentation.common.dialog.whereDialog.composable.buildingBlock.ChapterCardKt.Header$lambda$14.<no name provided>' type=@[ExtensionFunctionType] kotlin.Function3<androidx.compose.foundation.layout.BoxScope, androidx.compose.runtime.Composer, kotlin.Int, kotlin.Unit> origin=INLINE_LAMBDA reflectionTarget=null
                                $noteCount: GET_FIELD 'FIELD FIELD_FOR_CAPTURED_VALUE name:$noteCount type:kotlin.Int visibility:public/*package*/ [final]' type=kotlin.Int origin=null
                                  receiver: GET_VAR '<this>: com.syncodec.graphite.presentation.common.dialog.whereDialog.composable.buildingBlock.ChapterCardKt.Header$lambda$14.<no name provided> declared in com.syncodec.graphite.presentation.common.dialog.whereDialog.composable.buildingBlock.ChapterCardKt.Header$lambda$14.<no name provided>.invoke' type=com.syncodec.graphite.presentation.common.dialog.whereDialog.composable.buildingBlock.ChapterCardKt.Header$lambda$14.<no name provided> origin=null
                                $chapterCount: GET_FIELD 'FIELD FIELD_FOR_CAPTURED_VALUE name:$chapterCount type:kotlin.Int visibility:public/*package*/ [final]' type=kotlin.Int origin=null
                                  receiver: GET_VAR '<this>: com.syncodec.graphite.presentation.common.dialog.whereDialog.composable.buildingBlock.ChapterCardKt.Header$lambda$14.<no name provided> declared in com.syncodec.graphite.presentation.common.dialog.whereDialog.composable.buildingBlock.ChapterCardKt.Header$lambda$14.<no name provided>.invoke' type=com.syncodec.graphite.presentation.common.dialog.whereDialog.composable.buildingBlock.ChapterCardKt.Header$lambda$14.<no name provided> origin=null
                                $isLocked: GET_FIELD 'FIELD FIELD_FOR_CAPTURED_VALUE name:$isLocked type:kotlin.Boolean visibility:public/*package*/ [final]' type=kotlin.Boolean origin=null
                                  receiver: GET_VAR '<this>: com.syncodec.graphite.presentation.common.dialog.whereDialog.composable.buildingBlock.ChapterCardKt.Header$lambda$14.<no name provided> declared in com.syncodec.graphite.presentation.common.dialog.whereDialog.composable.buildingBlock.ChapterCardKt.Header$lambda$14.<no name provided>.invoke' type=com.syncodec.graphite.presentation.common.dialog.whereDialog.composable.buildingBlock.ChapterCardKt.Header$lambda$14.<no name provided> origin=null
                                $isFavourite: GET_FIELD 'FIELD FIELD_FOR_CAPTURED_VALUE name:$isFavourite type:kotlin.Boolean visibility:public/*package*/ [final]' type=kotlin.Boolean origin=null
                                  receiver: GET_VAR '<this>: com.syncodec.graphite.presentation.common.dialog.whereDialog.composable.buildingBlock.ChapterCardKt.Header$lambda$14.<no name provided> declared in com.syncodec.graphite.presentation.common.dialog.whereDialog.composable.buildingBlock.ChapterCardKt.Header$lambda$14.<no name provided>.invoke' type=com.syncodec.graphite.presentation.common.dialog.whereDialog.composable.buildingBlock.ChapterCardKt.Header$lambda$14.<no name provided> origin=null
                            $composer: GET_VAR '$composer: androidx.compose.runtime.Composer? [assignable] declared in com.syncodec.graphite.presentation.common.dialog.whereDialog.composable.buildingBlock.ChapterCardKt.Header$lambda$14.<no name provided>.invoke' type=androidx.compose.runtime.Composer? origin=null
                            $changed: CONST Int type=kotlin.Int value=0
                            $default: CONST Int type=kotlin.Int value=6
                      BRANCH
                        if: CONST Boolean type=kotlin.Boolean value=true
                        then: CALL 'public abstract fun skipToGroupEnd (): kotlin.Unit declared in androidx.compose.runtime.Composer' type=kotlin.Unit origin=null
                          $this: GET_VAR '$composer: androidx.compose.runtime.Composer? [assignable] declared in com.syncodec.graphite.presentation.common.dialog.whereDialog.composable.buildingBlock.ChapterCardKt.Header$lambda$14.<no name provided>.invoke' type=androidx.compose.runtime.Composer? origin=null
                FIELD FIELD_FOR_CAPTURED_VALUE name:$noteCount type:kotlin.Int visibility:public/*package*/ [final]
                FIELD FIELD_FOR_CAPTURED_VALUE name:$chapterCount type:kotlin.Int visibility:public/*package*/ [final]
                FIELD FIELD_FOR_CAPTURED_VALUE name:$isLocked type:kotlin.Boolean visibility:public/*package*/ [final]
                FIELD FIELD_FOR_CAPTURED_VALUE name:$isFavourite type:kotlin.Boolean visibility:public/*package*/ [final]
                FUN INLINE_LAMBDA name:invoke$lambda$1$lambda$0 visibility:private modality:FINAL <> ($receiver:androidx.compose.foundation.layout.RowScope, $noteCount:kotlin.Int, $chapterCount:kotlin.Int, $isLocked:kotlin.Boolean, $isFavourite:kotlin.Boolean, $composer:androidx.compose.runtime.Composer?, $changed:kotlin.Int) returnType:kotlin.Unit
                  annotations:
                    Composable
                    ComposableTarget(applier = "androidx.compose.ui.UiComposable")
                  $receiver: VALUE_PARAMETER name:$this$Row type:androidx.compose.foundation.layout.RowScope
                  VALUE_PARAMETER BOUND_VALUE_PARAMETER name:$noteCount index:0 type:kotlin.Int
                  VALUE_PARAMETER BOUND_VALUE_PARAMETER name:$chapterCount index:1 type:kotlin.Int
                  VALUE_PARAMETER BOUND_VALUE_PARAMETER name:$isLocked index:2 type:kotlin.Boolean
                  VALUE_PARAMETER BOUND_VALUE_PARAMETER name:$isFavourite index:3 type:kotlin.Boolean
                  VALUE_PARAMETER name:$composer index:4 type:androidx.compose.runtime.Composer? [assignable]
                  VALUE_PARAMETER name:$changed index:5 type:kotlin.Int
                  BLOCK_BODY
                    VAR name:$i$a$-Row-ChapterCardKt$Header$1$1$1$1 type:kotlin.Int [val]
                      CONST Int type=kotlin.Int value=0
                    BLOCK type=kotlin.Unit origin=null
                      CALL 'public final fun sourceInformationMarkerStart (composer: androidx.compose.runtime.Composer, key: kotlin.Int, sourceInformation: kotlin.String): kotlin.Unit declared in androidx.compose.runtime.ComposerKt' type=kotlin.Unit origin=null
                        composer: GET_VAR '$composer: androidx.compose.runtime.Composer? [assignable] declared in com.syncodec.graphite.presentation.common.dialog.whereDialog.composable.buildingBlock.ChapterCardKt.Header$lambda$14.<no name provided>.invoke$lambda$1$lambda$0' type=androidx.compose.runtime.Composer? origin=null
                        key: CONST Int type=kotlin.Int value=-1913418565
                        sourceInformation: CONST String type=kotlin.String value="C211@7063L40,210@7041L189,216@7236L70,217@7312L79,218@7397L70,220@7495L44,219@7473L196,225@7675L70,226@7751L82:ChapterCard.kt#1jkmov"
                      COMPOSITE type=kotlin.Unit origin=null
                        BLOCK type=kotlin.Unit origin=ARGUMENTS_REORDERING_FOR_CALL
                          VAR IR_TEMPORARY_VARIABLE name:tmp1162_painter type:androidx.compose.ui.graphics.painter.Painter [val]
                            CALL 'public final fun painterResource (id: kotlin.Int, $composer: androidx.compose.runtime.Composer?, $changed: kotlin.Int): androidx.compose.ui.graphics.painter.Painter declared in androidx.compose.ui.res.PainterResources_androidKt' type=androidx.compose.ui.graphics.painter.Painter origin=null
                              id: CONST Int type=kotlin.Int value=2131231032
                              $composer: GET_VAR '$composer: androidx.compose.runtime.Composer? [assignable] declared in com.syncodec.graphite.presentation.common.dialog.whereDialog.composable.buildingBlock.ChapterCardKt.Header$lambda$14.<no name provided>.invoke$lambda$1$lambda$0' type=androidx.compose.runtime.Composer? origin=null
                              $changed: CONST Int type=kotlin.Int value=0
                          VAR IR_TEMPORARY_VARIABLE name:tmp1163_tint type:androidx.compose.ui.graphics.Color [val]
                            CALL 'public final fun Color (color: kotlin.Long): androidx.compose.ui.graphics.Color declared in androidx.compose.ui.graphics.ColorKt' type=androidx.compose.ui.graphics.Color origin=null
                              color: CONST Long type=kotlin.Long value=4286154443
                          VAR IR_TEMPORARY_VARIABLE name:tmp1164_modifier type:androidx.compose.ui.Modifier [val]
                            CALL 'public final fun requiredSize-3ABfNKs (size: androidx.compose.ui.unit.Dp): androidx.compose.ui.Modifier declared in androidx.compose.foundation.layout.SizeKt' type=androidx.compose.ui.Modifier origin=null
                              $receiver: GET_FIELD 'FIELD FIELD_FOR_OBJECT_INSTANCE name:Companion type:androidx.compose.ui.Modifier.Companion visibility:public [final,static]' type=androidx.compose.ui.Modifier.Companion origin=null
                              size: CALL 'public final fun <get-dp> (): androidx.compose.ui.unit.Dp [inline] declared in androidx.compose.ui.unit.DpKt' type=androidx.compose.ui.unit.Dp origin=GET_PROPERTY
                                $receiver: CONST Int type=kotlin.Int value=14
                          CALL 'public final fun Icon-ww6aTOc (painter: androidx.compose.ui.graphics.painter.Painter, contentDescription: kotlin.String?, modifier: androidx.compose.ui.Modifier?, tint: androidx.compose.ui.graphics.Color, $composer: androidx.compose.runtime.Composer?, $changed: kotlin.Int, $default: kotlin.Int): kotlin.Unit declared in androidx.compose.material3.IconKt' type=kotlin.Unit origin=null
                            painter: GET_VAR 'val tmp1162_painter: androidx.compose.ui.graphics.painter.Painter [val] declared in com.syncodec.graphite.presentation.common.dialog.whereDialog.composable.buildingBlock.ChapterCardKt.Header$lambda$14.<no name provided>.invoke$lambda$1$lambda$0' type=androidx.compose.ui.graphics.painter.Painter origin=null
                            contentDescription: CONST String type=kotlin.String value="Note count"
                            modifier: GET_VAR 'val tmp1164_modifier: androidx.compose.ui.Modifier [val] declared in com.syncodec.graphite.presentation.common.dialog.whereDialog.composable.buildingBlock.ChapterCardKt.Header$lambda$14.<no name provided>.invoke$lambda$1$lambda$0' type=androidx.compose.ui.Modifier origin=null
                            tint: GET_VAR 'val tmp1163_tint: androidx.compose.ui.graphics.Color [val] declared in com.syncodec.graphite.presentation.common.dialog.whereDialog.composable.buildingBlock.ChapterCardKt.Header$lambda$14.<no name provided>.invoke$lambda$1$lambda$0' type=androidx.compose.ui.graphics.Color origin=null
                            $composer: GET_VAR '$composer: androidx.compose.runtime.Composer? [assignable] declared in com.syncodec.graphite.presentation.common.dialog.whereDialog.composable.buildingBlock.ChapterCardKt.Header$lambda$14.<no name provided>.invoke$lambda$1$lambda$0' type=androidx.compose.runtime.Composer? origin=null
                            $changed: CONST Int type=kotlin.Int value=3512
                            $default: CONST Int type=kotlin.Int value=0
                        BLOCK type=kotlin.Unit origin=ARGUMENTS_REORDERING_FOR_CALL
                          VAR IR_TEMPORARY_VARIABLE name:tmp1165_modifier type:androidx.compose.ui.Modifier [val]
                            CALL 'public final fun padding-VpY3zN4$default (horizontal: androidx.compose.ui.unit.Dp, vertical: androidx.compose.ui.unit.Dp, $mask0: kotlin.Int, $handler: kotlin.Any?): androidx.compose.ui.Modifier declared in androidx.compose.foundation.layout.PaddingKt' type=androidx.compose.ui.Modifier origin=DEFAULT_DISPATCH_CALL
                              $receiver: GET_FIELD 'FIELD FIELD_FOR_OBJECT_INSTANCE name:Companion type:androidx.compose.ui.Modifier.Companion visibility:public [final,static]' type=androidx.compose.ui.Modifier.Companion origin=null
                              horizontal: CALL 'public final fun <get-dp> (): androidx.compose.ui.unit.Dp [inline] declared in androidx.compose.ui.unit.DpKt' type=androidx.compose.ui.unit.Dp origin=GET_PROPERTY
                                $receiver: CONST Int type=kotlin.Int value=2
                              vertical: COMPOSITE type=androidx.compose.ui.unit.Dp origin=DEFAULT_VALUE
                                CALL 'public final fun <unsafe-coerce> <T, R> (v: T of kotlin.jvm.internal.<unsafe-coerce>): R of kotlin.jvm.internal.<unsafe-coerce> declared in kotlin.jvm.internal' type=androidx.compose.ui.unit.Dp origin=null
                                  <T>: kotlin.Float
                                  <R>: androidx.compose.ui.unit.Dp
                                  v: CONST Float type=kotlin.Float value=0.0
                              $mask0: CONST Int type=kotlin.Int value=2
                              $handler: CONST Null type=kotlin.Any? value=null
                          CALL 'public final fun access$HeaderText (modifier: androidx.compose.ui.Modifier?, text: kotlin.String?, $composer: androidx.compose.runtime.Composer?, $changed: kotlin.Int, $default: kotlin.Int): kotlin.Unit declared in com.syncodec.graphite.presentation.common.dialog.whereDialog.composable.buildingBlock.ChapterCardKt' type=kotlin.Unit origin=null
                            modifier: GET_VAR 'val tmp1165_modifier: androidx.compose.ui.Modifier [val] declared in com.syncodec.graphite.presentation.common.dialog.whereDialog.composable.buildingBlock.ChapterCardKt.Header$lambda$14.<no name provided>.invoke$lambda$1$lambda$0' type=androidx.compose.ui.Modifier origin=null
                            text: CONST String type=kotlin.String value="·"
                            $composer: GET_VAR '$composer: androidx.compose.runtime.Composer? [assignable] declared in com.syncodec.graphite.presentation.common.dialog.whereDialog.composable.buildingBlock.ChapterCardKt.Header$lambda$14.<no name provided>.invoke$lambda$1$lambda$0' type=androidx.compose.runtime.Composer? origin=null
                            $changed: CONST Int type=kotlin.Int value=54
                            $default: CONST Int type=kotlin.Int value=0
                        BLOCK type=kotlin.Unit origin=ARGUMENTS_REORDERING_FOR_CALL
                          VAR IR_TEMPORARY_VARIABLE name:tmp1166_text type:kotlin.String [val]
                            CALL 'public final fun valueOf (value: kotlin.Int): kotlin.String declared in java.lang.String' type=kotlin.String origin=null
                              value: GET_VAR '$noteCount: kotlin.Int declared in com.syncodec.graphite.presentation.common.dialog.whereDialog.composable.buildingBlock.ChapterCardKt.Header$lambda$14.<no name provided>.invoke$lambda$1$lambda$0' type=kotlin.Int origin=null
                          VAR IR_TEMPORARY_VARIABLE name:tmp1167_modifier type:androidx.compose.ui.Modifier [val]
                            CALL 'public final fun padding-VpY3zN4$default (horizontal: androidx.compose.ui.unit.Dp, vertical: androidx.compose.ui.unit.Dp, $mask0: kotlin.Int, $handler: kotlin.Any?): androidx.compose.ui.Modifier declared in androidx.compose.foundation.layout.PaddingKt' type=androidx.compose.ui.Modifier origin=DEFAULT_DISPATCH_CALL
                              $receiver: GET_FIELD 'FIELD FIELD_FOR_OBJECT_INSTANCE name:Companion type:androidx.compose.ui.Modifier.Companion visibility:public [final,static]' type=androidx.compose.ui.Modifier.Companion origin=null
                              horizontal: CALL 'public final fun <get-dp> (): androidx.compose.ui.unit.Dp [inline] declared in androidx.compose.ui.unit.DpKt' type=androidx.compose.ui.unit.Dp origin=GET_PROPERTY
                                $receiver: CONST Int type=kotlin.Int value=2
                              vertical: COMPOSITE type=androidx.compose.ui.unit.Dp origin=DEFAULT_VALUE
                                CALL 'public final fun <unsafe-coerce> <T, R> (v: T of kotlin.jvm.internal.<unsafe-coerce>): R of kotlin.jvm.internal.<unsafe-coerce> declared in kotlin.jvm.internal' type=androidx.compose.ui.unit.Dp origin=null
                                  <T>: kotlin.Float
                                  <R>: androidx.compose.ui.unit.Dp
                                  v: CONST Float type=kotlin.Float value=0.0
                              $mask0: CONST Int type=kotlin.Int value=2
                              $handler: CONST Null type=kotlin.Any? value=null
                          CALL 'public final fun access$HeaderText (modifier: androidx.compose.ui.Modifier?, text: kotlin.String?, $composer: androidx.compose.runtime.Composer?, $changed: kotlin.Int, $default: kotlin.Int): kotlin.Unit declared in com.syncodec.graphite.presentation.common.dialog.whereDialog.composable.buildingBlock.ChapterCardKt' type=kotlin.Unit origin=null
                            modifier: GET_VAR 'val tmp1167_modifier: androidx.compose.ui.Modifier [val] declared in com.syncodec.graphite.presentation.common.dialog.whereDialog.composable.buildingBlock.ChapterCardKt.Header$lambda$14.<no name provided>.invoke$lambda$1$lambda$0' type=androidx.compose.ui.Modifier origin=null
                            text: GET_VAR 'val tmp1166_text: kotlin.String [val] declared in com.syncodec.graphite.presentation.common.dialog.whereDialog.composable.buildingBlock.ChapterCardKt.Header$lambda$14.<no name provided>.invoke$lambda$1$lambda$0' type=kotlin.String origin=null
                            $composer: GET_VAR '$composer: androidx.compose.runtime.Composer? [assignable] declared in com.syncodec.graphite.presentation.common.dialog.whereDialog.composable.buildingBlock.ChapterCardKt.Header$lambda$14.<no name provided>.invoke$lambda$1$lambda$0' type=androidx.compose.runtime.Composer? origin=null
                            $changed: CONST Int type=kotlin.Int value=6
                            $default: CONST Int type=kotlin.Int value=0
                        BLOCK type=kotlin.Unit origin=ARGUMENTS_REORDERING_FOR_CALL
                          VAR IR_TEMPORARY_VARIABLE name:tmp1168_modifier type:androidx.compose.ui.Modifier [val]
                            CALL 'public final fun padding-VpY3zN4$default (horizontal: androidx.compose.ui.unit.Dp, vertical: androidx.compose.ui.unit.Dp, $mask0: kotlin.Int, $handler: kotlin.Any?): androidx.compose.ui.Modifier declared in androidx.compose.foundation.layout.PaddingKt' type=androidx.compose.ui.Modifier origin=DEFAULT_DISPATCH_CALL
                              $receiver: GET_FIELD 'FIELD FIELD_FOR_OBJECT_INSTANCE name:Companion type:androidx.compose.ui.Modifier.Companion visibility:public [final,static]' type=androidx.compose.ui.Modifier.Companion origin=null
                              horizontal: CALL 'public final fun <get-dp> (): androidx.compose.ui.unit.Dp [inline] declared in androidx.compose.ui.unit.DpKt' type=androidx.compose.ui.unit.Dp origin=GET_PROPERTY
                                $receiver: CONST Int type=kotlin.Int value=2
                              vertical: COMPOSITE type=androidx.compose.ui.unit.Dp origin=DEFAULT_VALUE
                                CALL 'public final fun <unsafe-coerce> <T, R> (v: T of kotlin.jvm.internal.<unsafe-coerce>): R of kotlin.jvm.internal.<unsafe-coerce> declared in kotlin.jvm.internal' type=androidx.compose.ui.unit.Dp origin=null
                                  <T>: kotlin.Float
                                  <R>: androidx.compose.ui.unit.Dp
                                  v: CONST Float type=kotlin.Float value=0.0
                              $mask0: CONST Int type=kotlin.Int value=2
                              $handler: CONST Null type=kotlin.Any? value=null
                          CALL 'public final fun access$HeaderText (modifier: androidx.compose.ui.Modifier?, text: kotlin.String?, $composer: androidx.compose.runtime.Composer?, $changed: kotlin.Int, $default: kotlin.Int): kotlin.Unit declared in com.syncodec.graphite.presentation.common.dialog.whereDialog.composable.buildingBlock.ChapterCardKt' type=kotlin.Unit origin=null
                            modifier: GET_VAR 'val tmp1168_modifier: androidx.compose.ui.Modifier [val] declared in com.syncodec.graphite.presentation.common.dialog.whereDialog.composable.buildingBlock.ChapterCardKt.Header$lambda$14.<no name provided>.invoke$lambda$1$lambda$0' type=androidx.compose.ui.Modifier origin=null
                            text: CONST String type=kotlin.String value="·"
                            $composer: GET_VAR '$composer: androidx.compose.runtime.Composer? [assignable] declared in com.syncodec.graphite.presentation.common.dialog.whereDialog.composable.buildingBlock.ChapterCardKt.Header$lambda$14.<no name provided>.invoke$lambda$1$lambda$0' type=androidx.compose.runtime.Composer? origin=null
                            $changed: CONST Int type=kotlin.Int value=54
                            $default: CONST Int type=kotlin.Int value=0
                        BLOCK type=kotlin.Unit origin=ARGUMENTS_REORDERING_FOR_CALL
                          VAR IR_TEMPORARY_VARIABLE name:tmp1169_painter type:androidx.compose.ui.graphics.painter.Painter [val]
                            CALL 'public final fun painterResource (id: kotlin.Int, $composer: androidx.compose.runtime.Composer?, $changed: kotlin.Int): androidx.compose.ui.graphics.painter.Painter declared in androidx.compose.ui.res.PainterResources_androidKt' type=androidx.compose.ui.graphics.painter.Painter origin=null
                              id: CONST Int type=kotlin.Int value=2131231035
                              $composer: GET_VAR '$composer: androidx.compose.runtime.Composer? [assignable] declared in com.syncodec.graphite.presentation.common.dialog.whereDialog.composable.buildingBlock.ChapterCardKt.Header$lambda$14.<no name provided>.invoke$lambda$1$lambda$0' type=androidx.compose.runtime.Composer? origin=null
                              $changed: CONST Int type=kotlin.Int value=0
                          VAR IR_TEMPORARY_VARIABLE name:tmp1170_tint type:androidx.compose.ui.graphics.Color [val]
                            CALL 'public final fun Color (color: kotlin.Long): androidx.compose.ui.graphics.Color declared in androidx.compose.ui.graphics.ColorKt' type=androidx.compose.ui.graphics.Color origin=null
                              color: CONST Long type=kotlin.Long value=4294937189
                          VAR IR_TEMPORARY_VARIABLE name:tmp1171_modifier type:androidx.compose.ui.Modifier [val]
                            CALL 'public final fun requiredSize-3ABfNKs (size: androidx.compose.ui.unit.Dp): androidx.compose.ui.Modifier declared in androidx.compose.foundation.layout.SizeKt' type=androidx.compose.ui.Modifier origin=null
                              $receiver: GET_FIELD 'FIELD FIELD_FOR_OBJECT_INSTANCE name:Companion type:androidx.compose.ui.Modifier.Companion visibility:public [final,static]' type=androidx.compose.ui.Modifier.Companion origin=null
                              size: CALL 'public final fun <get-dp> (): androidx.compose.ui.unit.Dp [inline] declared in androidx.compose.ui.unit.DpKt' type=androidx.compose.ui.unit.Dp origin=GET_PROPERTY
                                $receiver: CONST Int type=kotlin.Int value=14
                          CALL 'public final fun Icon-ww6aTOc (painter: androidx.compose.ui.graphics.painter.Painter, contentDescription: kotlin.String?, modifier: androidx.compose.ui.Modifier?, tint: androidx.compose.ui.graphics.Color, $composer: androidx.compose.runtime.Composer?, $changed: kotlin.Int, $default: kotlin.Int): kotlin.Unit declared in androidx.compose.material3.IconKt' type=kotlin.Unit origin=null
                            painter: GET_VAR 'val tmp1169_painter: androidx.compose.ui.graphics.painter.Painter [val] declared in com.syncodec.graphite.presentation.common.dialog.whereDialog.composable.buildingBlock.ChapterCardKt.Header$lambda$14.<no name provided>.invoke$lambda$1$lambda$0' type=androidx.compose.ui.graphics.painter.Painter origin=null
                            contentDescription: CONST String type=kotlin.String value="Chapter count"
                            modifier: GET_VAR 'val tmp1171_modifier: androidx.compose.ui.Modifier [val] declared in com.syncodec.graphite.presentation.common.dialog.whereDialog.composable.buildingBlock.ChapterCardKt.Header$lambda$14.<no name provided>.invoke$lambda$1$lambda$0' type=androidx.compose.ui.Modifier origin=null
                            tint: GET_VAR 'val tmp1170_tint: androidx.compose.ui.graphics.Color [val] declared in com.syncodec.graphite.presentation.common.dialog.whereDialog.composable.buildingBlock.ChapterCardKt.Header$lambda$14.<no name provided>.invoke$lambda$1$lambda$0' type=androidx.compose.ui.graphics.Color origin=null
                            $composer: GET_VAR '$composer: androidx.compose.runtime.Composer? [assignable] declared in com.syncodec.graphite.presentation.common.dialog.whereDialog.composable.buildingBlock.ChapterCardKt.Header$lambda$14.<no name provided>.invoke$lambda$1$lambda$0' type=androidx.compose.runtime.Composer? origin=null
                            $changed: CONST Int type=kotlin.Int value=3512
                            $default: CONST Int type=kotlin.Int value=0
                        BLOCK type=kotlin.Unit origin=ARGUMENTS_REORDERING_FOR_CALL
                          VAR IR_TEMPORARY_VARIABLE name:tmp1172_modifier type:androidx.compose.ui.Modifier [val]
                            CALL 'public final fun padding-VpY3zN4$default (horizontal: androidx.compose.ui.unit.Dp, vertical: androidx.compose.ui.unit.Dp, $mask0: kotlin.Int, $handler: kotlin.Any?): androidx.compose.ui.Modifier declared in androidx.compose.foundation.layout.PaddingKt' type=androidx.compose.ui.Modifier origin=DEFAULT_DISPATCH_CALL
                              $receiver: GET_FIELD 'FIELD FIELD_FOR_OBJECT_INSTANCE name:Companion type:androidx.compose.ui.Modifier.Companion visibility:public [final,static]' type=androidx.compose.ui.Modifier.Companion origin=null
                              horizontal: CALL 'public final fun <get-dp> (): androidx.compose.ui.unit.Dp [inline] declared in androidx.compose.ui.unit.DpKt' type=androidx.compose.ui.unit.Dp origin=GET_PROPERTY
                                $receiver: CONST Int type=kotlin.Int value=2
                              vertical: COMPOSITE type=androidx.compose.ui.unit.Dp origin=DEFAULT_VALUE
                                CALL 'public final fun <unsafe-coerce> <T, R> (v: T of kotlin.jvm.internal.<unsafe-coerce>): R of kotlin.jvm.internal.<unsafe-coerce> declared in kotlin.jvm.internal' type=androidx.compose.ui.unit.Dp origin=null
                                  <T>: kotlin.Float
                                  <R>: androidx.compose.ui.unit.Dp
                                  v: CONST Float type=kotlin.Float value=0.0
                              $mask0: CONST Int type=kotlin.Int value=2
                              $handler: CONST Null type=kotlin.Any? value=null
                          CALL 'public final fun access$HeaderText (modifier: androidx.compose.ui.Modifier?, text: kotlin.String?, $composer: androidx.compose.runtime.Composer?, $changed: kotlin.Int, $default: kotlin.Int): kotlin.Unit declared in com.syncodec.graphite.presentation.common.dialog.whereDialog.composable.buildingBlock.ChapterCardKt' type=kotlin.Unit origin=null
                            modifier: GET_VAR 'val tmp1172_modifier: androidx.compose.ui.Modifier [val] declared in com.syncodec.graphite.presentation.common.dialog.whereDialog.composable.buildingBlock.ChapterCardKt.Header$lambda$14.<no name provided>.invoke$lambda$1$lambda$0' type=androidx.compose.ui.Modifier origin=null
                            text: CONST String type=kotlin.String value="·"
                            $composer: GET_VAR '$composer: androidx.compose.runtime.Composer? [assignable] declared in com.syncodec.graphite.presentation.common.dialog.whereDialog.composable.buildingBlock.ChapterCardKt.Header$lambda$14.<no name provided>.invoke$lambda$1$lambda$0' type=androidx.compose.runtime.Composer? origin=null
                            $changed: CONST Int type=kotlin.Int value=54
                            $default: CONST Int type=kotlin.Int value=0
                        BLOCK type=kotlin.Unit origin=ARGUMENTS_REORDERING_FOR_CALL
                          VAR IR_TEMPORARY_VARIABLE name:tmp1173_text type:kotlin.String [val]
                            CALL 'public final fun valueOf (value: kotlin.Int): kotlin.String declared in java.lang.String' type=kotlin.String origin=null
                              value: GET_VAR '$chapterCount: kotlin.Int declared in com.syncodec.graphite.presentation.common.dialog.whereDialog.composable.buildingBlock.ChapterCardKt.Header$lambda$14.<no name provided>.invoke$lambda$1$lambda$0' type=kotlin.Int origin=null
                          VAR IR_TEMPORARY_VARIABLE name:tmp1174_modifier type:androidx.compose.ui.Modifier [val]
                            CALL 'public final fun padding-VpY3zN4$default (horizontal: androidx.compose.ui.unit.Dp, vertical: androidx.compose.ui.unit.Dp, $mask0: kotlin.Int, $handler: kotlin.Any?): androidx.compose.ui.Modifier declared in androidx.compose.foundation.layout.PaddingKt' type=androidx.compose.ui.Modifier origin=DEFAULT_DISPATCH_CALL
                              $receiver: GET_FIELD 'FIELD FIELD_FOR_OBJECT_INSTANCE name:Companion type:androidx.compose.ui.Modifier.Companion visibility:public [final,static]' type=androidx.compose.ui.Modifier.Companion origin=null
                              horizontal: CALL 'public final fun <get-dp> (): androidx.compose.ui.unit.Dp [inline] declared in androidx.compose.ui.unit.DpKt' type=androidx.compose.ui.unit.Dp origin=GET_PROPERTY
                                $receiver: CONST Int type=kotlin.Int value=2
                              vertical: COMPOSITE type=androidx.compose.ui.unit.Dp origin=DEFAULT_VALUE
                                CALL 'public final fun <unsafe-coerce> <T, R> (v: T of kotlin.jvm.internal.<unsafe-coerce>): R of kotlin.jvm.internal.<unsafe-coerce> declared in kotlin.jvm.internal' type=androidx.compose.ui.unit.Dp origin=null
                                  <T>: kotlin.Float
                                  <R>: androidx.compose.ui.unit.Dp
                                  v: CONST Float type=kotlin.Float value=0.0
                              $mask0: CONST Int type=kotlin.Int value=2
                              $handler: CONST Null type=kotlin.Any? value=null
                          CALL 'public final fun access$HeaderText (modifier: androidx.compose.ui.Modifier?, text: kotlin.String?, $composer: androidx.compose.runtime.Composer?, $changed: kotlin.Int, $default: kotlin.Int): kotlin.Unit declared in com.syncodec.graphite.presentation.common.dialog.whereDialog.composable.buildingBlock.ChapterCardKt' type=kotlin.Unit origin=null
                            modifier: GET_VAR 'val tmp1174_modifier: androidx.compose.ui.Modifier [val] declared in com.syncodec.graphite.presentation.common.dialog.whereDialog.composable.buildingBlock.ChapterCardKt.Header$lambda$14.<no name provided>.invoke$lambda$1$lambda$0' type=androidx.compose.ui.Modifier origin=null
                            text: GET_VAR 'val tmp1173_text: kotlin.String [val] declared in com.syncodec.graphite.presentation.common.dialog.whereDialog.composable.buildingBlock.ChapterCardKt.Header$lambda$14.<no name provided>.invoke$lambda$1$lambda$0' type=kotlin.String origin=null
                            $composer: GET_VAR '$composer: androidx.compose.runtime.Composer? [assignable] declared in com.syncodec.graphite.presentation.common.dialog.whereDialog.composable.buildingBlock.ChapterCardKt.Header$lambda$14.<no name provided>.invoke$lambda$1$lambda$0' type=androidx.compose.runtime.Composer? origin=null
                            $changed: CONST Int type=kotlin.Int value=6
                            $default: CONST Int type=kotlin.Int value=0
                        BLOCK type=kotlin.Unit origin=null
                          COMPOSITE type=kotlin.Unit origin=null
                            BLOCK type=kotlin.Unit origin=null
                              CALL 'public abstract fun startReplaceableGroup (key: kotlin.Int): kotlin.Unit declared in androidx.compose.runtime.Composer' type=kotlin.Unit origin=null
                                $this: GET_VAR '$composer: androidx.compose.runtime.Composer? [assignable] declared in com.syncodec.graphite.presentation.common.dialog.whereDialog.composable.buildingBlock.ChapterCardKt.Header$lambda$14.<no name provided>.invoke$lambda$1$lambda$0' type=androidx.compose.runtime.Composer? origin=null
                                key: CONST Int type=kotlin.Int value=-477340758
                              CALL 'public final fun sourceInformation (composer: androidx.compose.runtime.Composer, sourceInformation: kotlin.String): kotlin.Unit declared in androidx.compose.runtime.ComposerKt' type=kotlin.Unit origin=null
                                composer: GET_VAR '$composer: androidx.compose.runtime.Composer? [assignable] declared in com.syncodec.graphite.presentation.common.dialog.whereDialog.composable.buildingBlock.ChapterCardKt.Header$lambda$14.<no name provided>.invoke$lambda$1$lambda$0' type=androidx.compose.runtime.Composer? origin=null
                                sourceInformation: CONST String type=kotlin.String value="228@7861L70,230@7961L42,229@7938L200"
                          WHEN type=kotlin.Unit origin=IF
                            BRANCH
                              if: GET_VAR '$isLocked: kotlin.Boolean declared in com.syncodec.graphite.presentation.common.dialog.whereDialog.composable.buildingBlock.ChapterCardKt.Header$lambda$14.<no name provided>.invoke$lambda$1$lambda$0' type=kotlin.Boolean origin=null
                              then: BLOCK type=kotlin.Unit origin=null
                                BLOCK type=kotlin.Unit origin=ARGUMENTS_REORDERING_FOR_CALL
                                  VAR IR_TEMPORARY_VARIABLE name:tmp1175_modifier type:androidx.compose.ui.Modifier [val]
                                    CALL 'public final fun padding-VpY3zN4$default (horizontal: androidx.compose.ui.unit.Dp, vertical: androidx.compose.ui.unit.Dp, $mask0: kotlin.Int, $handler: kotlin.Any?): androidx.compose.ui.Modifier declared in androidx.compose.foundation.layout.PaddingKt' type=androidx.compose.ui.Modifier origin=DEFAULT_DISPATCH_CALL
                                      $receiver: GET_FIELD 'FIELD FIELD_FOR_OBJECT_INSTANCE name:Companion type:androidx.compose.ui.Modifier.Companion visibility:public [final,static]' type=androidx.compose.ui.Modifier.Companion origin=null
                                      horizontal: CALL 'public final fun <get-dp> (): androidx.compose.ui.unit.Dp [inline] declared in androidx.compose.ui.unit.DpKt' type=androidx.compose.ui.unit.Dp origin=GET_PROPERTY
                                        $receiver: CONST Int type=kotlin.Int value=2
                                      vertical: COMPOSITE type=androidx.compose.ui.unit.Dp origin=DEFAULT_VALUE
                                        CALL 'public final fun <unsafe-coerce> <T, R> (v: T of kotlin.jvm.internal.<unsafe-coerce>): R of kotlin.jvm.internal.<unsafe-coerce> declared in kotlin.jvm.internal' type=androidx.compose.ui.unit.Dp origin=null
                                          <T>: kotlin.Float
                                          <R>: androidx.compose.ui.unit.Dp
                                          v: CONST Float type=kotlin.Float value=0.0
                                      $mask0: CONST Int type=kotlin.Int value=2
                                      $handler: CONST Null type=kotlin.Any? value=null
                                  CALL 'public final fun access$HeaderText (modifier: androidx.compose.ui.Modifier?, text: kotlin.String?, $composer: androidx.compose.runtime.Composer?, $changed: kotlin.Int, $default: kotlin.Int): kotlin.Unit declared in com.syncodec.graphite.presentation.common.dialog.whereDialog.composable.buildingBlock.ChapterCardKt' type=kotlin.Unit origin=null
                                    modifier: GET_VAR 'val tmp1175_modifier: androidx.compose.ui.Modifier [val] declared in com.syncodec.graphite.presentation.common.dialog.whereDialog.composable.buildingBlock.ChapterCardKt.Header$lambda$14.<no name provided>.invoke$lambda$1$lambda$0' type=androidx.compose.ui.Modifier origin=null
                                    text: CONST String type=kotlin.String value="·"
                                    $composer: GET_VAR '$composer: androidx.compose.runtime.Composer? [assignable] declared in com.syncodec.graphite.presentation.common.dialog.whereDialog.composable.buildingBlock.ChapterCardKt.Header$lambda$14.<no name provided>.invoke$lambda$1$lambda$0' type=androidx.compose.runtime.Composer? origin=null
                                    $changed: CONST Int type=kotlin.Int value=54
                                    $default: CONST Int type=kotlin.Int value=0
                                BLOCK type=kotlin.Unit origin=ARGUMENTS_REORDERING_FOR_CALL
                                  VAR IR_TEMPORARY_VARIABLE name:tmp1176_painter type:androidx.compose.ui.graphics.painter.Painter [val]
                                    CALL 'public final fun painterResource (id: kotlin.Int, $composer: androidx.compose.runtime.Composer?, $changed: kotlin.Int): androidx.compose.ui.graphics.painter.Painter declared in androidx.compose.ui.res.PainterResources_androidKt' type=androidx.compose.ui.graphics.painter.Painter origin=null
                                      id: CONST Int type=kotlin.Int value=2131231058
                                      $composer: GET_VAR '$composer: androidx.compose.runtime.Composer? [assignable] declared in com.syncodec.graphite.presentation.common.dialog.whereDialog.composable.buildingBlock.ChapterCardKt.Header$lambda$14.<no name provided>.invoke$lambda$1$lambda$0' type=androidx.compose.runtime.Composer? origin=null
                                      $changed: CONST Int type=kotlin.Int value=0
                                  VAR IR_TEMPORARY_VARIABLE name:tmp1177_tint type:androidx.compose.ui.graphics.Color [val]
                                    CALL 'public final fun <get-LockClosedContainer> (): androidx.compose.ui.graphics.Color declared in com.syncodec.graphite.presentation.ui.ThemeKt' type=androidx.compose.ui.graphics.Color origin=GET_PROPERTY
                                      $receiver: GET_FIELD 'FIELD FIELD_FOR_OBJECT_INSTANCE name:Companion type:androidx.compose.ui.graphics.Color.Companion visibility:public [final,static]' type=androidx.compose.ui.graphics.Color.Companion origin=null
                                  VAR IR_TEMPORARY_VARIABLE name:tmp1178_modifier type:androidx.compose.ui.Modifier [val]
                                    CALL 'public final fun requiredSize-3ABfNKs (size: androidx.compose.ui.unit.Dp): androidx.compose.ui.Modifier declared in androidx.compose.foundation.layout.SizeKt' type=androidx.compose.ui.Modifier origin=null
                                      $receiver: GET_FIELD 'FIELD FIELD_FOR_OBJECT_INSTANCE name:Companion type:androidx.compose.ui.Modifier.Companion visibility:public [final,static]' type=androidx.compose.ui.Modifier.Companion origin=null
                                      size: CALL 'public final fun <get-dp> (): androidx.compose.ui.unit.Dp [inline] declared in androidx.compose.ui.unit.DpKt' type=androidx.compose.ui.unit.Dp origin=GET_PROPERTY
                                        $receiver: CONST Int type=kotlin.Int value=14
                                  CALL 'public final fun Icon-ww6aTOc (painter: androidx.compose.ui.graphics.painter.Painter, contentDescription: kotlin.String?, modifier: androidx.compose.ui.Modifier?, tint: androidx.compose.ui.graphics.Color, $composer: androidx.compose.runtime.Composer?, $changed: kotlin.Int, $default: kotlin.Int): kotlin.Unit declared in androidx.compose.material3.IconKt' type=kotlin.Unit origin=null
                                    painter: GET_VAR 'val tmp1176_painter: androidx.compose.ui.graphics.painter.Painter [val] declared in com.syncodec.graphite.presentation.common.dialog.whereDialog.composable.buildingBlock.ChapterCardKt.Header$lambda$14.<no name provided>.invoke$lambda$1$lambda$0' type=androidx.compose.ui.graphics.painter.Painter origin=null
                                    contentDescription: CONST String type=kotlin.String value="Locked"
                                    modifier: GET_VAR 'val tmp1178_modifier: androidx.compose.ui.Modifier [val] declared in com.syncodec.graphite.presentation.common.dialog.whereDialog.composable.buildingBlock.ChapterCardKt.Header$lambda$14.<no name provided>.invoke$lambda$1$lambda$0' type=androidx.compose.ui.Modifier origin=null
                                    tint: GET_VAR 'val tmp1177_tint: androidx.compose.ui.graphics.Color [val] declared in com.syncodec.graphite.presentation.common.dialog.whereDialog.composable.buildingBlock.ChapterCardKt.Header$lambda$14.<no name provided>.invoke$lambda$1$lambda$0' type=androidx.compose.ui.graphics.Color origin=null
                                    $composer: GET_VAR '$composer: androidx.compose.runtime.Composer? [assignable] declared in com.syncodec.graphite.presentation.common.dialog.whereDialog.composable.buildingBlock.ChapterCardKt.Header$lambda$14.<no name provided>.invoke$lambda$1$lambda$0' type=androidx.compose.runtime.Composer? origin=null
                                    $changed: CONST Int type=kotlin.Int value=440
                                    $default: CONST Int type=kotlin.Int value=0
                          COMPOSITE type=kotlin.Unit origin=null
                            CALL 'public abstract fun endReplaceableGroup (): kotlin.Unit declared in androidx.compose.runtime.Composer' type=kotlin.Unit origin=null
                              $this: GET_VAR '$composer: androidx.compose.runtime.Composer? [assignable] declared in com.syncodec.graphite.presentation.common.dialog.whereDialog.composable.buildingBlock.ChapterCardKt.Header$lambda$14.<no name provided>.invoke$lambda$1$lambda$0' type=androidx.compose.runtime.Composer? origin=null
                        BLOCK type=kotlin.Unit origin=null
                          COMPOSITE type=kotlin.Unit origin=null
                            BLOCK type=kotlin.Unit origin=null
                              CALL 'public abstract fun startReplaceableGroup (key: kotlin.Int): kotlin.Unit declared in androidx.compose.runtime.Composer' type=kotlin.Unit origin=null
                                $this: GET_VAR '$composer: androidx.compose.runtime.Composer? [assignable] declared in com.syncodec.graphite.presentation.common.dialog.whereDialog.composable.buildingBlock.ChapterCardKt.Header$lambda$14.<no name provided>.invoke$lambda$1$lambda$0' type=androidx.compose.runtime.Composer? origin=null
                                key: CONST Int type=kotlin.Int value=-477330766
                              CALL 'public final fun sourceInformation (composer: androidx.compose.runtime.Composer, sourceInformation: kotlin.String): kotlin.Unit declared in androidx.compose.runtime.ComposerKt' type=kotlin.Unit origin=null
                                composer: GET_VAR '$composer: androidx.compose.runtime.Composer? [assignable] declared in com.syncodec.graphite.presentation.common.dialog.whereDialog.composable.buildingBlock.ChapterCardKt.Header$lambda$14.<no name provided>.invoke$lambda$1$lambda$0' type=androidx.compose.runtime.Composer? origin=null
                                sourceInformation: CONST String type=kotlin.String value="237@8176L70,239@8276L45,238@8253L205"
                          WHEN type=kotlin.Unit origin=IF
                            BRANCH
                              if: GET_VAR '$isFavourite: kotlin.Boolean declared in com.syncodec.graphite.presentation.common.dialog.whereDialog.composable.buildingBlock.ChapterCardKt.Header$lambda$14.<no name provided>.invoke$lambda$1$lambda$0' type=kotlin.Boolean origin=null
                              then: BLOCK type=kotlin.Unit origin=null
                                BLOCK type=kotlin.Unit origin=ARGUMENTS_REORDERING_FOR_CALL
                                  VAR IR_TEMPORARY_VARIABLE name:tmp1179_modifier type:androidx.compose.ui.Modifier [val]
                                    CALL 'public final fun padding-VpY3zN4$default (horizontal: androidx.compose.ui.unit.Dp, vertical: androidx.compose.ui.unit.Dp, $mask0: kotlin.Int, $handler: kotlin.Any?): androidx.compose.ui.Modifier declared in androidx.compose.foundation.layout.PaddingKt' type=androidx.compose.ui.Modifier origin=DEFAULT_DISPATCH_CALL
                                      $receiver: GET_FIELD 'FIELD FIELD_FOR_OBJECT_INSTANCE name:Companion type:androidx.compose.ui.Modifier.Companion visibility:public [final,static]' type=androidx.compose.ui.Modifier.Companion origin=null
                                      horizontal: CALL 'public final fun <get-dp> (): androidx.compose.ui.unit.Dp [inline] declared in androidx.compose.ui.unit.DpKt' type=androidx.compose.ui.unit.Dp origin=GET_PROPERTY
                                        $receiver: CONST Int type=kotlin.Int value=2
                                      vertical: COMPOSITE type=androidx.compose.ui.unit.Dp origin=DEFAULT_VALUE
                                        CALL 'public final fun <unsafe-coerce> <T, R> (v: T of kotlin.jvm.internal.<unsafe-coerce>): R of kotlin.jvm.internal.<unsafe-coerce> declared in kotlin.jvm.internal' type=androidx.compose.ui.unit.Dp origin=null
                                          <T>: kotlin.Float
                                          <R>: androidx.compose.ui.unit.Dp
                                          v: CONST Float type=kotlin.Float value=0.0
                                      $mask0: CONST Int type=kotlin.Int value=2
                                      $handler: CONST Null type=kotlin.Any? value=null
                                  CALL 'public final fun access$HeaderText (modifier: androidx.compose.ui.Modifier?, text: kotlin.String?, $composer: androidx.compose.runtime.Composer?, $changed: kotlin.Int, $default: kotlin.Int): kotlin.Unit declared in com.syncodec.graphite.presentation.common.dialog.whereDialog.composable.buildingBlock.ChapterCardKt' type=kotlin.Unit origin=null
                                    modifier: GET_VAR 'val tmp1179_modifier: androidx.compose.ui.Modifier [val] declared in com.syncodec.graphite.presentation.common.dialog.whereDialog.composable.buildingBlock.ChapterCardKt.Header$lambda$14.<no name provided>.invoke$lambda$1$lambda$0' type=androidx.compose.ui.Modifier origin=null
                                    text: CONST String type=kotlin.String value="·"
                                    $composer: GET_VAR '$composer: androidx.compose.runtime.Composer? [assignable] declared in com.syncodec.graphite.presentation.common.dialog.whereDialog.composable.buildingBlock.ChapterCardKt.Header$lambda$14.<no name provided>.invoke$lambda$1$lambda$0' type=androidx.compose.runtime.Composer? origin=null
                                    $changed: CONST Int type=kotlin.Int value=54
                                    $default: CONST Int type=kotlin.Int value=0
                                BLOCK type=kotlin.Unit origin=ARGUMENTS_REORDERING_FOR_CALL
                                  VAR IR_TEMPORARY_VARIABLE name:tmp1180_painter type:androidx.compose.ui.graphics.painter.Painter [val]
                                    CALL 'public final fun painterResource (id: kotlin.Int, $composer: androidx.compose.runtime.Composer?, $changed: kotlin.Int): androidx.compose.ui.graphics.painter.Painter declared in androidx.compose.ui.res.PainterResources_androidKt' type=androidx.compose.ui.graphics.painter.Painter origin=null
                                      id: CONST Int type=kotlin.Int value=2131230952
                                      $composer: GET_VAR '$composer: androidx.compose.runtime.Composer? [assignable] declared in com.syncodec.graphite.presentation.common.dialog.whereDialog.composable.buildingBlock.ChapterCardKt.Header$lambda$14.<no name provided>.invoke$lambda$1$lambda$0' type=androidx.compose.runtime.Composer? origin=null
                                      $changed: CONST Int type=kotlin.Int value=0
                                  VAR IR_TEMPORARY_VARIABLE name:tmp1181_tint type:androidx.compose.ui.graphics.Color [val]
                                    CALL 'public final fun <get-FavouriteContainer> (): androidx.compose.ui.graphics.Color declared in com.syncodec.graphite.presentation.ui.ThemeKt' type=androidx.compose.ui.graphics.Color origin=GET_PROPERTY
                                      $receiver: GET_FIELD 'FIELD FIELD_FOR_OBJECT_INSTANCE name:Companion type:androidx.compose.ui.graphics.Color.Companion visibility:public [final,static]' type=androidx.compose.ui.graphics.Color.Companion origin=null
                                  VAR IR_TEMPORARY_VARIABLE name:tmp1182_modifier type:androidx.compose.ui.Modifier [val]
                                    CALL 'public final fun requiredSize-3ABfNKs (size: androidx.compose.ui.unit.Dp): androidx.compose.ui.Modifier declared in androidx.compose.foundation.layout.SizeKt' type=androidx.compose.ui.Modifier origin=null
                                      $receiver: GET_FIELD 'FIELD FIELD_FOR_OBJECT_INSTANCE name:Companion type:androidx.compose.ui.Modifier.Companion visibility:public [final,static]' type=androidx.compose.ui.Modifier.Companion origin=null
                                      size: CALL 'public final fun <get-dp> (): androidx.compose.ui.unit.Dp [inline] declared in androidx.compose.ui.unit.DpKt' type=androidx.compose.ui.unit.Dp origin=GET_PROPERTY
                                        $receiver: CONST Int type=kotlin.Int value=14
                                  CALL 'public final fun Icon-ww6aTOc (painter: androidx.compose.ui.graphics.painter.Painter, contentDescription: kotlin.String?, modifier: androidx.compose.ui.Modifier?, tint: androidx.compose.ui.graphics.Color, $composer: androidx.compose.runtime.Composer?, $changed: kotlin.Int, $default: kotlin.Int): kotlin.Unit declared in androidx.compose.material3.IconKt' type=kotlin.Unit origin=null
                                    painter: GET_VAR 'val tmp1180_painter: androidx.compose.ui.graphics.painter.Painter [val] declared in com.syncodec.graphite.presentation.common.dialog.whereDialog.composable.buildingBlock.ChapterCardKt.Header$lambda$14.<no name provided>.invoke$lambda$1$lambda$0' type=androidx.compose.ui.graphics.painter.Painter origin=null
                                    contentDescription: CONST String type=kotlin.String value="Favourite"
                                    modifier: GET_VAR 'val tmp1182_modifier: androidx.compose.ui.Modifier [val] declared in com.syncodec.graphite.presentation.common.dialog.whereDialog.composable.buildingBlock.ChapterCardKt.Header$lambda$14.<no name provided>.invoke$lambda$1$lambda$0' type=androidx.compose.ui.Modifier origin=null
                                    tint: GET_VAR 'val tmp1181_tint: androidx.compose.ui.graphics.Color [val] declared in com.syncodec.graphite.presentation.common.dialog.whereDialog.composable.buildingBlock.ChapterCardKt.Header$lambda$14.<no name provided>.invoke$lambda$1$lambda$0' type=androidx.compose.ui.graphics.Color origin=null
                                    $composer: GET_VAR '$composer: androidx.compose.runtime.Composer? [assignable] declared in com.syncodec.graphite.presentation.common.dialog.whereDialog.composable.buildingBlock.ChapterCardKt.Header$lambda$14.<no name provided>.invoke$lambda$1$lambda$0' type=androidx.compose.runtime.Composer? origin=null
                                    $changed: CONST Int type=kotlin.Int value=440
                                    $default: CONST Int type=kotlin.Int value=0
                          COMPOSITE type=kotlin.Unit origin=null
                            CALL 'public abstract fun endReplaceableGroup (): kotlin.Unit declared in androidx.compose.runtime.Composer' type=kotlin.Unit origin=null
                              $this: GET_VAR '$composer: androidx.compose.runtime.Composer? [assignable] declared in com.syncodec.graphite.presentation.common.dialog.whereDialog.composable.buildingBlock.ChapterCardKt.Header$lambda$14.<no name provided>.invoke$lambda$1$lambda$0' type=androidx.compose.runtime.Composer? origin=null
                      CALL 'public final fun sourceInformationMarkerEnd (composer: androidx.compose.runtime.Composer): kotlin.Unit declared in androidx.compose.runtime.ComposerKt' type=kotlin.Unit origin=null
                        composer: GET_VAR '$composer: androidx.compose.runtime.Composer? [assignable] declared in com.syncodec.graphite.presentation.common.dialog.whereDialog.composable.buildingBlock.ChapterCardKt.Header$lambda$14.<no name provided>.invoke$lambda$1$lambda$0' type=androidx.compose.runtime.Composer? origin=null
                FUN INLINE_LAMBDA name:invoke$lambda$1 visibility:private modality:FINAL <> ($receiver:androidx.compose.foundation.layout.BoxScope, $noteCount:kotlin.Int, $chapterCount:kotlin.Int, $isLocked:kotlin.Boolean, $isFavourite:kotlin.Boolean, $composer:androidx.compose.runtime.Composer?, $changed:kotlin.Int) returnType:kotlin.Unit
                  annotations:
                    Composable
                    ComposableTarget(applier = "androidx.compose.ui.UiComposable")
                  $receiver: VALUE_PARAMETER name:$this$Box type:androidx.compose.foundation.layout.BoxScope
                  VALUE_PARAMETER BOUND_VALUE_PARAMETER name:$noteCount index:0 type:kotlin.Int
                  VALUE_PARAMETER BOUND_VALUE_PARAMETER name:$chapterCount index:1 type:kotlin.Int
                  VALUE_PARAMETER BOUND_VALUE_PARAMETER name:$isLocked index:2 type:kotlin.Boolean
                  VALUE_PARAMETER BOUND_VALUE_PARAMETER name:$isFavourite index:3 type:kotlin.Boolean
                  VALUE_PARAMETER name:$composer index:4 type:androidx.compose.runtime.Composer? [assignable]
                  VALUE_PARAMETER name:$changed index:5 type:kotlin.Int
                  BLOCK_BODY
                    VAR name:$i$a$-Box-ChapterCardKt$Header$1$1$1 type:kotlin.Int [val]
                      CONST Int type=kotlin.Int value=0
                    BLOCK type=kotlin.Unit origin=null
                      CALL 'public final fun sourceInformationMarkerStart (composer: androidx.compose.runtime.Composer, key: kotlin.Int, sourceInformation: kotlin.String): kotlin.Unit declared in androidx.compose.runtime.ComposerKt' type=kotlin.Unit origin=null
                        composer: GET_VAR '$composer: androidx.compose.runtime.Composer? [assignable] declared in com.syncodec.graphite.presentation.common.dialog.whereDialog.composable.buildingBlock.ChapterCardKt.Header$lambda$14.<no name provided>.invoke$lambda$1' type=androidx.compose.runtime.Composer? origin=null
                        key: CONST Int type=kotlin.Int value=226963104
                        sourceInformation: CONST String type=kotlin.String value="C206@6925L1546:ChapterCard.kt#1jkmov"
                      COMPOSITE type=kotlin.Unit origin=null
                        BLOCK type=kotlin.Unit origin=ARGUMENTS_REORDERING_FOR_CALL
                          VAR IR_TEMPORARY_VARIABLE name:tmp1183_verticalAlignment type:androidx.compose.ui.Alignment.Vertical [val]
                            CALL 'public final fun <get-CenterVertically> (): androidx.compose.ui.Alignment.Vertical declared in androidx.compose.ui.Alignment.Companion' type=androidx.compose.ui.Alignment.Vertical origin=GET_PROPERTY
                              $this: GET_FIELD 'FIELD FIELD_FOR_OBJECT_INSTANCE name:Companion type:androidx.compose.ui.Alignment.Companion visibility:public [final,static]' type=androidx.compose.ui.Alignment.Companion origin=null
                          VAR IR_TEMPORARY_VARIABLE name:tmp1184_modifier type:androidx.compose.ui.Modifier [val]
                            CALL 'public final fun padding-VpY3zN4 (horizontal: androidx.compose.ui.unit.Dp, vertical: androidx.compose.ui.unit.Dp): androidx.compose.ui.Modifier declared in androidx.compose.foundation.layout.PaddingKt' type=androidx.compose.ui.Modifier origin=null
                              $receiver: GET_FIELD 'FIELD FIELD_FOR_OBJECT_INSTANCE name:Companion type:androidx.compose.ui.Modifier.Companion visibility:public [final,static]' type=androidx.compose.ui.Modifier.Companion origin=null
                              horizontal: CALL 'public final fun <get-dp> (): androidx.compose.ui.unit.Dp [inline] declared in androidx.compose.ui.unit.DpKt' type=androidx.compose.ui.unit.Dp origin=GET_PROPERTY
                                $receiver: CONST Int type=kotlin.Int value=8
                              vertical: CALL 'public final fun <get-dp> (): androidx.compose.ui.unit.Dp [inline] declared in androidx.compose.ui.unit.DpKt' type=androidx.compose.ui.unit.Dp origin=GET_PROPERTY
                                $receiver: CONST Int type=kotlin.Int value=4
                          CALL 'public final fun Row (modifier: androidx.compose.ui.Modifier?, horizontalArrangement: androidx.compose.foundation.layout.Arrangement.Horizontal?, verticalAlignment: androidx.compose.ui.Alignment.Vertical?, content: @[ExtensionFunctionType] kotlin.Function3<androidx.compose.foundation.layout.RowScope, androidx.compose.runtime.Composer, kotlin.Int, kotlin.Unit>, $composer: androidx.compose.runtime.Composer?, $changed: kotlin.Int, $default: kotlin.Int): kotlin.Unit [inline] declared in androidx.compose.foundation.layout.RowKt' type=kotlin.Unit origin=null
                            modifier: GET_VAR 'val tmp1184_modifier: androidx.compose.ui.Modifier [val] declared in com.syncodec.graphite.presentation.common.dialog.whereDialog.composable.buildingBlock.ChapterCardKt.Header$lambda$14.<no name provided>.invoke$lambda$1' type=androidx.compose.ui.Modifier origin=null
                            horizontalArrangement: COMPOSITE type=kotlin.Nothing? origin=DEFAULT_VALUE
                              CONST Null type=kotlin.Nothing? value=null
                            verticalAlignment: GET_VAR 'val tmp1183_verticalAlignment: androidx.compose.ui.Alignment.Vertical [val] declared in com.syncodec.graphite.presentation.common.dialog.whereDialog.composable.buildingBlock.ChapterCardKt.Header$lambda$14.<no name provided>.invoke$lambda$1' type=androidx.compose.ui.Alignment.Vertical origin=null
                            content: BLOCK type=@[ExtensionFunctionType] kotlin.Function3<androidx.compose.foundation.layout.RowScope, androidx.compose.runtime.Composer, kotlin.Int, kotlin.Unit> origin=LAMBDA
                              COMPOSITE type=kotlin.Unit origin=null
                              FUNCTION_REFERENCE 'private final fun invoke$lambda$1$lambda$0 ($noteCount: kotlin.Int, $chapterCount: kotlin.Int, $isLocked: kotlin.Boolean, $isFavourite: kotlin.Boolean, $composer: androidx.compose.runtime.Composer?, $changed: kotlin.Int): kotlin.Unit declared in com.syncodec.graphite.presentation.common.dialog.whereDialog.composable.buildingBlock.ChapterCardKt.Header$lambda$14.<no name provided>' type=@[ExtensionFunctionType] kotlin.Function3<androidx.compose.foundation.layout.RowScope, androidx.compose.runtime.Composer, kotlin.Int, kotlin.Unit> origin=INLINE_LAMBDA reflectionTarget=null
                                $noteCount: GET_VAR '$noteCount: kotlin.Int declared in com.syncodec.graphite.presentation.common.dialog.whereDialog.composable.buildingBlock.ChapterCardKt.Header$lambda$14.<no name provided>.invoke$lambda$1' type=kotlin.Int origin=null
                                $chapterCount: GET_VAR '$chapterCount: kotlin.Int declared in com.syncodec.graphite.presentation.common.dialog.whereDialog.composable.buildingBlock.ChapterCardKt.Header$lambda$14.<no name provided>.invoke$lambda$1' type=kotlin.Int origin=null
                                $isLocked: GET_VAR '$isLocked: kotlin.Boolean declared in com.syncodec.graphite.presentation.common.dialog.whereDialog.composable.buildingBlock.ChapterCardKt.Header$lambda$14.<no name provided>.invoke$lambda$1' type=kotlin.Boolean origin=null
                                $isFavourite: GET_VAR '$isFavourite: kotlin.Boolean declared in com.syncodec.graphite.presentation.common.dialog.whereDialog.composable.buildingBlock.ChapterCardKt.Header$lambda$14.<no name provided>.invoke$lambda$1' type=kotlin.Boolean origin=null
                            $composer: GET_VAR '$composer: androidx.compose.runtime.Composer? [assignable] declared in com.syncodec.graphite.presentation.common.dialog.whereDialog.composable.buildingBlock.ChapterCardKt.Header$lambda$14.<no name provided>.invoke$lambda$1' type=androidx.compose.runtime.Composer? origin=null
                            $changed: CONST Int type=kotlin.Int value=390
                            $default: CONST Int type=kotlin.Int value=2
                      CALL 'public final fun sourceInformationMarkerEnd (composer: androidx.compose.runtime.Composer): kotlin.Unit declared in androidx.compose.runtime.ComposerKt' type=kotlin.Unit origin=null
                        composer: GET_VAR '$composer: androidx.compose.runtime.Composer? [assignable] declared in com.syncodec.graphite.presentation.common.dialog.whereDialog.composable.buildingBlock.ChapterCardKt.Header$lambda$14.<no name provided>.invoke$lambda$1' type=androidx.compose.runtime.Composer? origin=null
                FUN BRIDGE name:invoke visibility:public modality:OPEN <> ($this:com.syncodec.graphite.presentation.common.dialog.whereDialog.composable.buildingBlock.ChapterCardKt.Header$lambda$14.<no name provided>, p1:kotlin.Any?, p2:kotlin.Any?) returnType:kotlin.Any?
                  $this: VALUE_PARAMETER INSTANCE_RECEIVER name:<this> type:com.syncodec.graphite.presentation.common.dialog.whereDialog.composable.buildingBlock.ChapterCardKt.Header$lambda$14.<no name provided>
                  VALUE_PARAMETER BRIDGE name:p1 index:0 type:kotlin.Any?
                  VALUE_PARAMETER BRIDGE name:p2 index:1 type:kotlin.Any?
                  EXPRESSION_BODY
                    RETURN type=kotlin.Nothing from='public open fun invoke (p1: kotlin.Any?, p2: kotlin.Any?): kotlin.Any? declared in com.syncodec.graphite.presentation.common.dialog.whereDialog.composable.buildingBlock.ChapterCardKt.Header$lambda$14.<no name provided>'
                      CALL 'public final fun invoke ($composer: androidx.compose.runtime.Composer?, $changed: kotlin.Int): kotlin.Unit declared in com.syncodec.graphite.presentation.common.dialog.whereDialog.composable.buildingBlock.ChapterCardKt.Header$lambda$14.<no name provided>' type=kotlin.Unit origin=BRIDGE_DELEGATION
                        $this: GET_VAR '<this>: com.syncodec.graphite.presentation.common.dialog.whereDialog.composable.buildingBlock.ChapterCardKt.Header$lambda$14.<no name provided> declared in com.syncodec.graphite.presentation.common.dialog.whereDialog.composable.buildingBlock.ChapterCardKt.Header$lambda$14.<no name provided>.invoke' type=com.syncodec.graphite.presentation.common.dialog.whereDialog.composable.buildingBlock.ChapterCardKt.Header$lambda$14.<no name provided> origin=null
                        $composer: TYPE_OP type=androidx.compose.runtime.Composer origin=IMPLICIT_CAST typeOperand=androidx.compose.runtime.Composer
                          GET_VAR 'p1: kotlin.Any? declared in com.syncodec.graphite.presentation.common.dialog.whereDialog.composable.buildingBlock.ChapterCardKt.Header$lambda$14.<no name provided>.invoke' type=kotlin.Any? origin=null
                        $changed: TYPE_OP type=kotlin.Int origin=IMPLICIT_CAST typeOperand=kotlin.Int
                          GET_VAR 'p2: kotlin.Any? declared in com.syncodec.graphite.presentation.common.dialog.whereDialog.composable.buildingBlock.ChapterCardKt.Header$lambda$14.<no name provided>.invoke' type=kotlin.Any? origin=null
              CONSTRUCTOR_CALL 'public/*package*/ constructor <init> ($noteCount: kotlin.Int, $chapterCount: kotlin.Int, $isLocked: kotlin.Boolean, $isFavourite: kotlin.Boolean) [primary] declared in com.syncodec.graphite.presentation.common.dialog.whereDialog.composable.buildingBlock.ChapterCardKt.Header$lambda$14.<no name provided>' type=com.syncodec.graphite.presentation.common.dialog.whereDialog.composable.buildingBlock.ChapterCardKt.Header$lambda$14.<no name provided> origin=null
                $noteCount: GET_VAR '$noteCount: kotlin.Int declared in com.syncodec.graphite.presentation.common.dialog.whereDialog.composable.buildingBlock.ChapterCardKt.Header$lambda$14' type=kotlin.Int origin=null
                $chapterCount: GET_VAR '$chapterCount: kotlin.Int declared in com.syncodec.graphite.presentation.common.dialog.whereDialog.composable.buildingBlock.ChapterCardKt.Header$lambda$14' type=kotlin.Int origin=null
                $isLocked: GET_VAR '$isLocked: kotlin.Boolean declared in com.syncodec.graphite.presentation.common.dialog.whereDialog.composable.buildingBlock.ChapterCardKt.Header$lambda$14' type=kotlin.Boolean origin=null
                $isFavourite: GET_VAR '$isFavourite: kotlin.Boolean declared in com.syncodec.graphite.presentation.common.dialog.whereDialog.composable.buildingBlock.ChapterCardKt.Header$lambda$14' type=kotlin.Boolean origin=null
          $composer: GET_VAR '$composer: androidx.compose.runtime.Composer? [assignable] declared in com.syncodec.graphite.presentation.common.dialog.whereDialog.composable.buildingBlock.ChapterCardKt.Header$lambda$14' type=androidx.compose.runtime.Composer? origin=null
          $changed: CALL 'public final fun or (other: kotlin.Int): kotlin.Int [infix] declared in kotlin.Int' type=kotlin.Int origin=null
            $this: CONST Int type=kotlin.Int value=48
            other: GET_FIELD 'FIELD name:$stable type:kotlin.Int visibility:public [final,static]' type=kotlin.Int origin=null
      CALL 'public final fun sourceInformationMarkerEnd (composer: androidx.compose.runtime.Composer): kotlin.Unit declared in androidx.compose.runtime.ComposerKt' type=kotlin.Unit origin=null
        composer: GET_VAR '$composer: androidx.compose.runtime.Composer? [assignable] declared in com.syncodec.graphite.presentation.common.dialog.whereDialog.composable.buildingBlock.ChapterCardKt.Header$lambda$14' type=androidx.compose.runtime.Composer? origin=null

	at org.jetbrains.kotlin.backend.jvm.codegen.FunctionCodegen.generate(FunctionCodegen.kt:50)
	at org.jetbrains.kotlin.backend.jvm.codegen.IrSourceCompilerForInline.generateLambdaBody(IrSourceCompilerForInline.kt:67)
	at org.jetbrains.kotlin.codegen.inline.ExpressionLambda.generateLambdaBody(LambdaInfo.kt:72)
	at org.jetbrains.kotlin.backend.jvm.codegen.IrInlineCodegen.genValueAndPut(IrInlineCodegen.kt:99)
	at org.jetbrains.kotlin.backend.jvm.codegen.ExpressionCodegen.visitCall$handleParameter(ExpressionCodegen.kt:610)
	at org.jetbrains.kotlin.backend.jvm.codegen.ExpressionCodegen.visitCall(ExpressionCodegen.kt:638)
	at org.jetbrains.kotlin.backend.jvm.codegen.ExpressionCodegen.visitCall(ExpressionCodegen.kt:137)
	at org.jetbrains.kotlin.ir.expressions.IrCall.accept(IrCall.kt:24)
	at org.jetbrains.kotlin.backend.jvm.codegen.ExpressionCodegen.visitStatementContainer(ExpressionCodegen.kt:573)
	at org.jetbrains.kotlin.backend.jvm.codegen.ExpressionCodegen.visitContainerExpression(ExpressionCodegen.kt:587)
	at org.jetbrains.kotlin.backend.jvm.codegen.ExpressionCodegen.visitContainerExpression(ExpressionCodegen.kt:137)
	at org.jetbrains.kotlin.ir.visitors.IrElementVisitor$DefaultImpls.visitBlock(IrElementVisitor.kt:122)
	at org.jetbrains.kotlin.backend.jvm.codegen.ExpressionCodegen.visitBlock(ExpressionCodegen.kt:407)
	at org.jetbrains.kotlin.backend.jvm.codegen.ExpressionCodegen.visitBlock(ExpressionCodegen.kt:137)
	at org.jetbrains.kotlin.ir.expressions.IrBlock.accept(IrBlock.kt:18)
	at org.jetbrains.kotlin.backend.jvm.codegen.ExpressionCodegen.visitStatementContainer(ExpressionCodegen.kt:573)
	at org.jetbrains.kotlin.backend.jvm.codegen.ExpressionCodegen.visitContainerExpression(ExpressionCodegen.kt:587)
	at org.jetbrains.kotlin.backend.jvm.codegen.ExpressionCodegen.visitContainerExpression(ExpressionCodegen.kt:137)
	at org.jetbrains.kotlin.ir.visitors.IrElementVisitor$DefaultImpls.visitBlock(IrElementVisitor.kt:122)
	at org.jetbrains.kotlin.backend.jvm.codegen.ExpressionCodegen.visitBlock(ExpressionCodegen.kt:407)
	at org.jetbrains.kotlin.backend.jvm.codegen.ExpressionCodegen.visitBlock(ExpressionCodegen.kt:137)
	at org.jetbrains.kotlin.ir.expressions.IrBlock.accept(IrBlock.kt:18)
	at org.jetbrains.kotlin.backend.jvm.codegen.ExpressionCodegen.visitWhen(ExpressionCodegen.kt:1095)
	at org.jetbrains.kotlin.backend.jvm.codegen.ExpressionCodegen.visitWhen(ExpressionCodegen.kt:137)
	at org.jetbrains.kotlin.ir.expressions.IrWhen.accept(IrWhen.kt:24)
	at org.jetbrains.kotlin.backend.jvm.codegen.ExpressionCodegen.visitStatementContainer(ExpressionCodegen.kt:573)
	at org.jetbrains.kotlin.backend.jvm.codegen.ExpressionCodegen.visitBlockBody(ExpressionCodegen.kt:578)
	at org.jetbrains.kotlin.backend.jvm.codegen.ExpressionCodegen.visitBlockBody(ExpressionCodegen.kt:137)
	at org.jetbrains.kotlin.ir.expressions.IrBlockBody.accept(IrBlockBody.kt:20)
	at org.jetbrains.kotlin.backend.jvm.codegen.ExpressionCodegen.generate(ExpressionCodegen.kt:239)
	at org.jetbrains.kotlin.backend.jvm.codegen.FunctionCodegen.doGenerate(FunctionCodegen.kt:121)
	at org.jetbrains.kotlin.backend.jvm.codegen.FunctionCodegen.generate(FunctionCodegen.kt:46)
	... 53 more
Caused by: java.lang.RuntimeException: Exception while generating code for:
FUN name:invoke visibility:public modality:FINAL <> ($this:com.syncodec.graphite.presentation.common.dialog.whereDialog.composable.buildingBlock.ChapterCardKt.Header$lambda$14.<no name provided>, $composer:androidx.compose.runtime.Composer?, $changed:kotlin.Int) returnType:kotlin.Unit
  annotations:
    Composable
    ComposableTarget(applier = "androidx.compose.ui.UiComposable")
  overridden:
    public abstract fun invoke (p1: P1 of kotlin.Function2, p2: P2 of kotlin.Function2): R of kotlin.Function2 [operator] declared in kotlin.Function2
  $this: VALUE_PARAMETER INSTANCE_RECEIVER name:<this> type:com.syncodec.graphite.presentation.common.dialog.whereDialog.composable.buildingBlock.ChapterCardKt.Header$lambda$14.<no name provided>
  VALUE_PARAMETER name:$composer index:0 type:androidx.compose.runtime.Composer? [assignable]
  VALUE_PARAMETER name:$changed index:1 type:kotlin.Int
  BLOCK_BODY
    CALL 'public final fun sourceInformation (composer: androidx.compose.runtime.Composer, sourceInformation: kotlin.String): kotlin.Unit declared in androidx.compose.runtime.ComposerKt' type=kotlin.Unit origin=null
      composer: GET_VAR '$composer: androidx.compose.runtime.Composer? [assignable] declared in com.syncodec.graphite.presentation.common.dialog.whereDialog.composable.buildingBlock.ChapterCardKt.Header$lambda$14.<no name provided>.invoke' type=androidx.compose.runtime.Composer? origin=null
      sourceInformation: CONST String type=kotlin.String value="C204@6842L11,204@6900L6,203@6788L1688:ChapterCard.kt#1jkmov"
    WHEN type=kotlin.Unit origin=IF
      BRANCH
        if: CALL 'public final fun OROR (arg0: kotlin.Boolean, arg1: kotlin.Boolean): kotlin.Boolean declared in kotlin.internal.ir' type=kotlin.Boolean origin=null
          arg0: CALL 'public final fun not (): kotlin.Boolean [operator] declared in kotlin.Boolean' type=kotlin.Boolean origin=null
            $this: CALL 'public final fun EQEQ (arg0: kotlin.Any?, arg1: kotlin.Any?): kotlin.Boolean declared in kotlin.internal.ir' type=kotlin.Boolean origin=null
              arg0: CALL 'public final fun and (other: kotlin.Int): kotlin.Int [infix] declared in kotlin.Int' type=kotlin.Int origin=null
                $this: GET_VAR '$changed: kotlin.Int declared in com.syncodec.graphite.presentation.common.dialog.whereDialog.composable.buildingBlock.ChapterCardKt.Header$lambda$14.<no name provided>.invoke' type=kotlin.Int origin=null
                other: CONST Int type=kotlin.Int value=11
              arg1: CONST Int type=kotlin.Int value=2
          arg1: CALL 'public final fun not (): kotlin.Boolean [operator] declared in kotlin.Boolean' type=kotlin.Boolean origin=null
            $this: CALL 'public abstract fun <get-skipping> (): kotlin.Boolean declared in androidx.compose.runtime.Composer' type=kotlin.Boolean origin=null
              $this: GET_VAR '$composer: androidx.compose.runtime.Composer? [assignable] declared in com.syncodec.graphite.presentation.common.dialog.whereDialog.composable.buildingBlock.ChapterCardKt.Header$lambda$14.<no name provided>.invoke' type=androidx.compose.runtime.Composer? origin=null
        then: BLOCK type=kotlin.Unit origin=null
          CALL 'public final fun Box (modifier: androidx.compose.ui.Modifier?, contentAlignment: androidx.compose.ui.Alignment?, propagateMinConstraints: kotlin.Boolean, content: @[ExtensionFunctionType] kotlin.Function3<androidx.compose.foundation.layout.BoxScope, androidx.compose.runtime.Composer, kotlin.Int, kotlin.Unit>, $composer: androidx.compose.runtime.Composer?, $changed: kotlin.Int, $default: kotlin.Int): kotlin.Unit [inline] declared in androidx.compose.foundation.layout.BoxKt' type=kotlin.Unit origin=null
            modifier: CALL 'public final fun background-bw27NRU (color: androidx.compose.ui.graphics.Color, shape: androidx.compose.ui.graphics.Shape): androidx.compose.ui.Modifier declared in androidx.compose.foundation.BackgroundKt' type=androidx.compose.ui.Modifier origin=null
              $receiver: GET_FIELD 'FIELD FIELD_FOR_OBJECT_INSTANCE name:Companion type:androidx.compose.ui.Modifier.Companion visibility:public [final,static]' type=androidx.compose.ui.Modifier.Companion origin=null
              color: CALL 'public final fun copy-wmQWz5c$default (arg0: androidx.compose.ui.graphics.Color, alpha: kotlin.Float, red: kotlin.Float, green: kotlin.Float, blue: kotlin.Float, $mask0: kotlin.Int, $handler: kotlin.Any?): androidx.compose.ui.graphics.Color declared in androidx.compose.ui.graphics.Color' type=androidx.compose.ui.graphics.Color origin=DEFAULT_DISPATCH_CALL
                arg0: CALL 'public final fun getBackground-0d7_KjU (): androidx.compose.ui.graphics.Color declared in androidx.compose.material3.ColorScheme' type=androidx.compose.ui.graphics.Color origin=GET_PROPERTY
                  $this: CALL 'public final fun <get-colorScheme> ($composer: androidx.compose.runtime.Composer?, $changed: kotlin.Int): androidx.compose.material3.ColorScheme declared in androidx.compose.material3.MaterialTheme' type=androidx.compose.material3.ColorScheme origin=GET_PROPERTY
                    $this: GET_FIELD 'FIELD FIELD_FOR_OBJECT_INSTANCE name:INSTANCE type:androidx.compose.material3.MaterialTheme visibility:public [final,static]' type=androidx.compose.material3.MaterialTheme origin=null
                    $composer: GET_VAR '$composer: androidx.compose.runtime.Composer? [assignable] declared in com.syncodec.graphite.presentation.common.dialog.whereDialog.composable.buildingBlock.ChapterCardKt.Header$lambda$14.<no name provided>.invoke' type=androidx.compose.runtime.Composer? origin=null
                    $changed: GET_FIELD 'FIELD name:$stable type:kotlin.Int visibility:public [final,static]' type=kotlin.Int origin=null
                alpha: CONST Float type=kotlin.Float value=0.71
                red: COMPOSITE type=kotlin.Float origin=DEFAULT_VALUE
                  CONST Float type=kotlin.Float value=0.0
                green: COMPOSITE type=kotlin.Float origin=DEFAULT_VALUE
                  CONST Float type=kotlin.Float value=0.0
                blue: COMPOSITE type=kotlin.Float origin=DEFAULT_VALUE
                  CONST Float type=kotlin.Float value=0.0
                $mask0: CONST Int type=kotlin.Int value=14
                $handler: CONST Null type=kotlin.Any? value=null
              shape: CALL 'public final fun <get-small> (): androidx.compose.foundation.shape.CornerBasedShape declared in androidx.compose.material3.Shapes' type=androidx.compose.foundation.shape.CornerBasedShape origin=GET_PROPERTY
                $this: CALL 'public final fun <get-shapes> ($composer: androidx.compose.runtime.Composer?, $changed: kotlin.Int): androidx.compose.material3.Shapes declared in androidx.compose.material3.MaterialTheme' type=androidx.compose.material3.Shapes origin=GET_PROPERTY
                  $this: GET_FIELD 'FIELD FIELD_FOR_OBJECT_INSTANCE name:INSTANCE type:androidx.compose.material3.MaterialTheme visibility:public [final,static]' type=androidx.compose.material3.MaterialTheme origin=null
                  $composer: GET_VAR '$composer: androidx.compose.runtime.Composer? [assignable] declared in com.syncodec.graphite.presentation.common.dialog.whereDialog.composable.buildingBlock.ChapterCardKt.Header$lambda$14.<no name provided>.invoke' type=androidx.compose.runtime.Composer? origin=null
                  $changed: GET_FIELD 'FIELD name:$stable type:kotlin.Int visibility:public [final,static]' type=kotlin.Int origin=null
            contentAlignment: COMPOSITE type=kotlin.Nothing? origin=DEFAULT_VALUE
              CONST Null type=kotlin.Nothing? value=null
            propagateMinConstraints: COMPOSITE type=kotlin.Boolean origin=DEFAULT_VALUE
              CONST Boolean type=kotlin.Boolean value=false
            content: BLOCK type=@[ExtensionFunctionType] kotlin.Function3<androidx.compose.foundation.layout.BoxScope, androidx.compose.runtime.Composer, kotlin.Int, kotlin.Unit> origin=LAMBDA
              COMPOSITE type=kotlin.Unit origin=null
              FUNCTION_REFERENCE 'private final fun invoke$lambda$1 ($noteCount: kotlin.Int, $chapterCount: kotlin.Int, $isLocked: kotlin.Boolean, $isFavourite: kotlin.Boolean, $composer: androidx.compose.runtime.Composer?, $changed: kotlin.Int): kotlin.Unit declared in com.syncodec.graphite.presentation.common.dialog.whereDialog.composable.buildingBlock.ChapterCardKt.Header$lambda$14.<no name provided>' type=@[ExtensionFunctionType] kotlin.Function3<androidx.compose.foundation.layout.BoxScope, androidx.compose.runtime.Composer, kotlin.Int, kotlin.Unit> origin=INLINE_LAMBDA reflectionTarget=null
                $noteCount: GET_FIELD 'FIELD FIELD_FOR_CAPTURED_VALUE name:$noteCount type:kotlin.Int visibility:public/*package*/ [final]' type=kotlin.Int origin=null
                  receiver: GET_VAR '<this>: com.syncodec.graphite.presentation.common.dialog.whereDialog.composable.buildingBlock.ChapterCardKt.Header$lambda$14.<no name provided> declared in com.syncodec.graphite.presentation.common.dialog.whereDialog.composable.buildingBlock.ChapterCardKt.Header$lambda$14.<no name provided>.invoke' type=com.syncodec.graphite.presentation.common.dialog.whereDialog.composable.buildingBlock.ChapterCardKt.Header$lambda$14.<no name provided> origin=null
                $chapterCount: GET_FIELD 'FIELD FIELD_FOR_CAPTURED_VALUE name:$chapterCount type:kotlin.Int visibility:public/*package*/ [final]' type=kotlin.Int origin=null
                  receiver: GET_VAR '<this>: com.syncodec.graphite.presentation.common.dialog.whereDialog.composable.buildingBlock.ChapterCardKt.Header$lambda$14.<no name provided> declared in com.syncodec.graphite.presentation.common.dialog.whereDialog.composable.buildingBlock.ChapterCardKt.Header$lambda$14.<no name provided>.invoke' type=com.syncodec.graphite.presentation.common.dialog.whereDialog.composable.buildingBlock.ChapterCardKt.Header$lambda$14.<no name provided> origin=null
                $isLocked: GET_FIELD 'FIELD FIELD_FOR_CAPTURED_VALUE name:$isLocked type:kotlin.Boolean visibility:public/*package*/ [final]' type=kotlin.Boolean origin=null
                  receiver: GET_VAR '<this>: com.syncodec.graphite.presentation.common.dialog.whereDialog.composable.buildingBlock.ChapterCardKt.Header$lambda$14.<no name provided> declared in com.syncodec.graphite.presentation.common.dialog.whereDialog.composable.buildingBlock.ChapterCardKt.Header$lambda$14.<no name provided>.invoke' type=com.syncodec.graphite.presentation.common.dialog.whereDialog.composable.buildingBlock.ChapterCardKt.Header$lambda$14.<no name provided> origin=null
                $isFavourite: GET_FIELD 'FIELD FIELD_FOR_CAPTURED_VALUE name:$isFavourite type:kotlin.Boolean visibility:public/*package*/ [final]' type=kotlin.Boolean origin=null
                  receiver: GET_VAR '<this>: com.syncodec.graphite.presentation.common.dialog.whereDialog.composable.buildingBlock.ChapterCardKt.Header$lambda$14.<no name provided> declared in com.syncodec.graphite.presentation.common.dialog.whereDialog.composable.buildingBlock.ChapterCardKt.Header$lambda$14.<no name provided>.invoke' type=com.syncodec.graphite.presentation.common.dialog.whereDialog.composable.buildingBlock.ChapterCardKt.Header$lambda$14.<no name provided> origin=null
            $composer: GET_VAR '$composer: androidx.compose.runtime.Composer? [assignable] declared in com.syncodec.graphite.presentation.common.dialog.whereDialog.composable.buildingBlock.ChapterCardKt.Header$lambda$14.<no name provided>.invoke' type=androidx.compose.runtime.Composer? origin=null
            $changed: CONST Int type=kotlin.Int value=0
            $default: CONST Int type=kotlin.Int value=6
      BRANCH
        if: CONST Boolean type=kotlin.Boolean value=true
        then: CALL 'public abstract fun skipToGroupEnd (): kotlin.Unit declared in androidx.compose.runtime.Composer' type=kotlin.Unit origin=null
          $this: GET_VAR '$composer: androidx.compose.runtime.Composer? [assignable] declared in com.syncodec.graphite.presentation.common.dialog.whereDialog.composable.buildingBlock.ChapterCardKt.Header$lambda$14.<no name provided>.invoke' type=androidx.compose.runtime.Composer? origin=null

	at org.jetbrains.kotlin.backend.jvm.codegen.FunctionCodegen.generate(FunctionCodegen.kt:50)
	at org.jetbrains.kotlin.backend.jvm.codegen.FunctionCodegen.generate$default(FunctionCodegen.kt:42)
	at org.jetbrains.kotlin.backend.jvm.codegen.ClassCodegen.generateMethodNode(ClassCodegen.kt:385)
	at org.jetbrains.kotlin.backend.jvm.codegen.ClassCodegen.generateMethod(ClassCodegen.kt:402)
	at org.jetbrains.kotlin.backend.jvm.codegen.ClassCodegen.generate(ClassCodegen.kt:169)
	at org.jetbrains.kotlin.backend.jvm.codegen.ExpressionCodegen.visitClass(ExpressionCodegen.kt:994)
	at org.jetbrains.kotlin.backend.jvm.codegen.ExpressionCodegen.visitClass(ExpressionCodegen.kt:137)
	at org.jetbrains.kotlin.ir.declarations.IrClass.accept(IrClass.kt:72)
	at org.jetbrains.kotlin.backend.jvm.codegen.ExpressionCodegen.visitStatementContainer(ExpressionCodegen.kt:573)
	at org.jetbrains.kotlin.backend.jvm.codegen.ExpressionCodegen.visitContainerExpression(ExpressionCodegen.kt:587)
	at org.jetbrains.kotlin.backend.jvm.codegen.ExpressionCodegen.visitContainerExpression(ExpressionCodegen.kt:137)
	at org.jetbrains.kotlin.ir.visitors.IrElementVisitor$DefaultImpls.visitBlock(IrElementVisitor.kt:122)
	at org.jetbrains.kotlin.backend.jvm.codegen.ExpressionCodegen.visitBlock(ExpressionCodegen.kt:407)
	at org.jetbrains.kotlin.backend.jvm.codegen.ExpressionCodegen.visitBlock(ExpressionCodegen.kt:137)
	at org.jetbrains.kotlin.ir.expressions.IrBlock.accept(IrBlock.kt:18)
	at org.jetbrains.kotlin.backend.jvm.codegen.ExpressionCodegen.gen(ExpressionCodegen.kt:216)
	at org.jetbrains.kotlin.backend.jvm.codegen.IrCallGenerator.genValueAndPut(IrCallGenerator.kt:48)
	at org.jetbrains.kotlin.backend.jvm.codegen.ExpressionCodegen.visitCall$handleParameter(ExpressionCodegen.kt:610)
	at org.jetbrains.kotlin.backend.jvm.codegen.ExpressionCodegen.visitCall(ExpressionCodegen.kt:638)
	at org.jetbrains.kotlin.backend.jvm.codegen.ExpressionCodegen.visitCall(ExpressionCodegen.kt:137)
	at org.jetbrains.kotlin.ir.expressions.IrCall.accept(IrCall.kt:24)
	at org.jetbrains.kotlin.backend.jvm.codegen.ExpressionCodegen.gen(ExpressionCodegen.kt:216)
	at org.jetbrains.kotlin.backend.jvm.codegen.IrCallGenerator.genValueAndPut(IrCallGenerator.kt:48)
	at org.jetbrains.kotlin.backend.jvm.codegen.ExpressionCodegen.visitCall$handleParameter(ExpressionCodegen.kt:610)
	at org.jetbrains.kotlin.backend.jvm.codegen.ExpressionCodegen.visitCall(ExpressionCodegen.kt:638)
	at org.jetbrains.kotlin.backend.jvm.codegen.ExpressionCodegen.visitCall(ExpressionCodegen.kt:137)
	at org.jetbrains.kotlin.ir.expressions.IrCall.accept(IrCall.kt:24)
	at org.jetbrains.kotlin.backend.jvm.codegen.ExpressionCodegen.visitStatementContainer(ExpressionCodegen.kt:573)
	at org.jetbrains.kotlin.backend.jvm.codegen.ExpressionCodegen.visitContainerExpression(ExpressionCodegen.kt:587)
	at org.jetbrains.kotlin.backend.jvm.codegen.ExpressionCodegen.visitContainerExpression(ExpressionCodegen.kt:137)
	at org.jetbrains.kotlin.ir.visitors.IrElementVisitor$DefaultImpls.visitComposite(IrElementVisitor.kt:125)
	at org.jetbrains.kotlin.backend.jvm.codegen.ExpressionCodegen.visitComposite(ExpressionCodegen.kt:137)
	at org.jetbrains.kotlin.backend.jvm.codegen.ExpressionCodegen.visitComposite(ExpressionCodegen.kt:137)
	at org.jetbrains.kotlin.ir.expressions.IrComposite.accept(IrComposite.kt:18)
	at org.jetbrains.kotlin.backend.jvm.codegen.ExpressionCodegen.visitStatementContainer(ExpressionCodegen.kt:573)
	at org.jetbrains.kotlin.backend.jvm.codegen.ExpressionCodegen.visitContainerExpression(ExpressionCodegen.kt:587)
	at org.jetbrains.kotlin.backend.jvm.codegen.ExpressionCodegen.visitContainerExpression(ExpressionCodegen.kt:137)
	at org.jetbrains.kotlin.ir.visitors.IrElementVisitor$DefaultImpls.visitBlock(IrElementVisitor.kt:122)
	at org.jetbrains.kotlin.backend.jvm.codegen.ExpressionCodegen.visitBlock(ExpressionCodegen.kt:407)
	at org.jetbrains.kotlin.backend.jvm.codegen.ExpressionCodegen.visitBlock(ExpressionCodegen.kt:137)
	at org.jetbrains.kotlin.ir.expressions.IrBlock.accept(IrBlock.kt:18)
	at org.jetbrains.kotlin.backend.jvm.codegen.ExpressionCodegen.visitStatementContainer(ExpressionCodegen.kt:573)
	at org.jetbrains.kotlin.backend.jvm.codegen.ExpressionCodegen.visitBlockBody(ExpressionCodegen.kt:578)
	at org.jetbrains.kotlin.backend.jvm.codegen.ExpressionCodegen.visitBlockBody(ExpressionCodegen.kt:137)
	at org.jetbrains.kotlin.ir.expressions.IrBlockBody.accept(IrBlockBody.kt:20)
	at org.jetbrains.kotlin.backend.jvm.codegen.ExpressionCodegen.generate(ExpressionCodegen.kt:239)
	at org.jetbrains.kotlin.backend.jvm.codegen.FunctionCodegen.doGenerate(FunctionCodegen.kt:121)
	at org.jetbrains.kotlin.backend.jvm.codegen.FunctionCodegen.generate(FunctionCodegen.kt:46)
	... 84 more
Caused by: java.lang.RuntimeException: Exception while generating code for:
FUN INLINE_LAMBDA name:invoke$lambda$1 visibility:private modality:FINAL <> ($receiver:androidx.compose.foundation.layout.BoxScope, $noteCount:kotlin.Int, $chapterCount:kotlin.Int, $isLocked:kotlin.Boolean, $isFavourite:kotlin.Boolean, $composer:androidx.compose.runtime.Composer?, $changed:kotlin.Int) returnType:kotlin.Unit
  annotations:
    Composable
    ComposableTarget(applier = "androidx.compose.ui.UiComposable")
  $receiver: VALUE_PARAMETER name:$this$Box type:androidx.compose.foundation.layout.BoxScope
  VALUE_PARAMETER BOUND_VALUE_PARAMETER name:$noteCount index:0 type:kotlin.Int
  VALUE_PARAMETER BOUND_VALUE_PARAMETER name:$chapterCount index:1 type:kotlin.Int
  VALUE_PARAMETER BOUND_VALUE_PARAMETER name:$isLocked index:2 type:kotlin.Boolean
  VALUE_PARAMETER BOUND_VALUE_PARAMETER name:$isFavourite index:3 type:kotlin.Boolean
  VALUE_PARAMETER name:$composer index:4 type:androidx.compose.runtime.Composer? [assignable]
  VALUE_PARAMETER name:$changed index:5 type:kotlin.Int
  BLOCK_BODY
    VAR name:$i$a$-Box-ChapterCardKt$Header$1$1$1 type:kotlin.Int [val]
      CONST Int type=kotlin.Int value=0
    BLOCK type=kotlin.Unit origin=null
      CALL 'public final fun sourceInformationMarkerStart (composer: androidx.compose.runtime.Composer, key: kotlin.Int, sourceInformation: kotlin.String): kotlin.Unit declared in androidx.compose.runtime.ComposerKt' type=kotlin.Unit origin=null
        composer: GET_VAR '$composer: androidx.compose.runtime.Composer? [assignable] declared in com.syncodec.graphite.presentation.common.dialog.whereDialog.composable.buildingBlock.ChapterCardKt.Header$lambda$14.<no name provided>.invoke$lambda$1' type=androidx.compose.runtime.Composer? origin=null
        key: CONST Int type=kotlin.Int value=226963104
        sourceInformation: CONST String type=kotlin.String value="C206@6925L1546:ChapterCard.kt#1jkmov"
      COMPOSITE type=kotlin.Unit origin=null
        BLOCK type=kotlin.Unit origin=ARGUMENTS_REORDERING_FOR_CALL
          VAR IR_TEMPORARY_VARIABLE name:tmp1183_verticalAlignment type:androidx.compose.ui.Alignment.Vertical [val]
            CALL 'public final fun <get-CenterVertically> (): androidx.compose.ui.Alignment.Vertical declared in androidx.compose.ui.Alignment.Companion' type=androidx.compose.ui.Alignment.Vertical origin=GET_PROPERTY
              $this: GET_FIELD 'FIELD FIELD_FOR_OBJECT_INSTANCE name:Companion type:androidx.compose.ui.Alignment.Companion visibility:public [final,static]' type=androidx.compose.ui.Alignment.Companion origin=null
          VAR IR_TEMPORARY_VARIABLE name:tmp1184_modifier type:androidx.compose.ui.Modifier [val]
            CALL 'public final fun padding-VpY3zN4 (horizontal: androidx.compose.ui.unit.Dp, vertical: androidx.compose.ui.unit.Dp): androidx.compose.ui.Modifier declared in androidx.compose.foundation.layout.PaddingKt' type=androidx.compose.ui.Modifier origin=null
              $receiver: GET_FIELD 'FIELD FIELD_FOR_OBJECT_INSTANCE name:Companion type:androidx.compose.ui.Modifier.Companion visibility:public [final,static]' type=androidx.compose.ui.Modifier.Companion origin=null
              horizontal: CALL 'public final fun <get-dp> (): androidx.compose.ui.unit.Dp [inline] declared in androidx.compose.ui.unit.DpKt' type=androidx.compose.ui.unit.Dp origin=GET_PROPERTY
                $receiver: CONST Int type=kotlin.Int value=8
              vertical: CALL 'public final fun <get-dp> (): androidx.compose.ui.unit.Dp [inline] declared in androidx.compose.ui.unit.DpKt' type=androidx.compose.ui.unit.Dp origin=GET_PROPERTY
                $receiver: CONST Int type=kotlin.Int value=4
          CALL 'public final fun Row (modifier: androidx.compose.ui.Modifier?, horizontalArrangement: androidx.compose.foundation.layout.Arrangement.Horizontal?, verticalAlignment: androidx.compose.ui.Alignment.Vertical?, content: @[ExtensionFunctionType] kotlin.Function3<androidx.compose.foundation.layout.RowScope, androidx.compose.runtime.Composer, kotlin.Int, kotlin.Unit>, $composer: androidx.compose.runtime.Composer?, $changed: kotlin.Int, $default: kotlin.Int): kotlin.Unit [inline] declared in androidx.compose.foundation.layout.RowKt' type=kotlin.Unit origin=null
            modifier: GET_VAR 'val tmp1184_modifier: androidx.compose.ui.Modifier [val] declared in com.syncodec.graphite.presentation.common.dialog.whereDialog.composable.buildingBlock.ChapterCardKt.Header$lambda$14.<no name provided>.invoke$lambda$1' type=androidx.compose.ui.Modifier origin=null
            horizontalArrangement: COMPOSITE type=kotlin.Nothing? origin=DEFAULT_VALUE
              CONST Null type=kotlin.Nothing? value=null
            verticalAlignment: GET_VAR 'val tmp1183_verticalAlignment: androidx.compose.ui.Alignment.Vertical [val] declared in com.syncodec.graphite.presentation.common.dialog.whereDialog.composable.buildingBlock.ChapterCardKt.Header$lambda$14.<no name provided>.invoke$lambda$1' type=androidx.compose.ui.Alignment.Vertical origin=null
            content: BLOCK type=@[ExtensionFunctionType] kotlin.Function3<androidx.compose.foundation.layout.RowScope, androidx.compose.runtime.Composer, kotlin.Int, kotlin.Unit> origin=LAMBDA
              COMPOSITE type=kotlin.Unit origin=null
              FUNCTION_REFERENCE 'private final fun invoke$lambda$1$lambda$0 ($noteCount: kotlin.Int, $chapterCount: kotlin.Int, $isLocked: kotlin.Boolean, $isFavourite: kotlin.Boolean, $composer: androidx.compose.runtime.Composer?, $changed: kotlin.Int): kotlin.Unit declared in com.syncodec.graphite.presentation.common.dialog.whereDialog.composable.buildingBlock.ChapterCardKt.Header$lambda$14.<no name provided>' type=@[ExtensionFunctionType] kotlin.Function3<androidx.compose.foundation.layout.RowScope, androidx.compose.runtime.Composer, kotlin.Int, kotlin.Unit> origin=INLINE_LAMBDA reflectionTarget=null
                $noteCount: GET_VAR '$noteCount: kotlin.Int declared in com.syncodec.graphite.presentation.common.dialog.whereDialog.composable.buildingBlock.ChapterCardKt.Header$lambda$14.<no name provided>.invoke$lambda$1' type=kotlin.Int origin=null
                $chapterCount: GET_VAR '$chapterCount: kotlin.Int declared in com.syncodec.graphite.presentation.common.dialog.whereDialog.composable.buildingBlock.ChapterCardKt.Header$lambda$14.<no name provided>.invoke$lambda$1' type=kotlin.Int origin=null
                $isLocked: GET_VAR '$isLocked: kotlin.Boolean declared in com.syncodec.graphite.presentation.common.dialog.whereDialog.composable.buildingBlock.ChapterCardKt.Header$lambda$14.<no name provided>.invoke$lambda$1' type=kotlin.Boolean origin=null
                $isFavourite: GET_VAR '$isFavourite: kotlin.Boolean declared in com.syncodec.graphite.presentation.common.dialog.whereDialog.composable.buildingBlock.ChapterCardKt.Header$lambda$14.<no name provided>.invoke$lambda$1' type=kotlin.Boolean origin=null
            $composer: GET_VAR '$composer: androidx.compose.runtime.Composer? [assignable] declared in com.syncodec.graphite.presentation.common.dialog.whereDialog.composable.buildingBlock.ChapterCardKt.Header$lambda$14.<no name provided>.invoke$lambda$1' type=androidx.compose.runtime.Composer? origin=null
            $changed: CONST Int type=kotlin.Int value=390
            $default: CONST Int type=kotlin.Int value=2
      CALL 'public final fun sourceInformationMarkerEnd (composer: androidx.compose.runtime.Composer): kotlin.Unit declared in androidx.compose.runtime.ComposerKt' type=kotlin.Unit origin=null
        composer: GET_VAR '$composer: androidx.compose.runtime.Composer? [assignable] declared in com.syncodec.graphite.presentation.common.dialog.whereDialog.composable.buildingBlock.ChapterCardKt.Header$lambda$14.<no name provided>.invoke$lambda$1' type=androidx.compose.runtime.Composer? origin=null

	at org.jetbrains.kotlin.backend.jvm.codegen.FunctionCodegen.generate(FunctionCodegen.kt:50)
	at org.jetbrains.kotlin.backend.jvm.codegen.IrSourceCompilerForInline.generateLambdaBody(IrSourceCompilerForInline.kt:67)
	at org.jetbrains.kotlin.codegen.inline.ExpressionLambda.generateLambdaBody(LambdaInfo.kt:72)
	at org.jetbrains.kotlin.backend.jvm.codegen.IrInlineCodegen.genValueAndPut(IrInlineCodegen.kt:99)
	at org.jetbrains.kotlin.backend.jvm.codegen.ExpressionCodegen.visitCall$handleParameter(ExpressionCodegen.kt:610)
	at org.jetbrains.kotlin.backend.jvm.codegen.ExpressionCodegen.visitCall(ExpressionCodegen.kt:638)
	at org.jetbrains.kotlin.backend.jvm.codegen.ExpressionCodegen.visitCall(ExpressionCodegen.kt:137)
	at org.jetbrains.kotlin.ir.expressions.IrCall.accept(IrCall.kt:24)
	at org.jetbrains.kotlin.backend.jvm.codegen.ExpressionCodegen.visitStatementContainer(ExpressionCodegen.kt:573)
	at org.jetbrains.kotlin.backend.jvm.codegen.ExpressionCodegen.visitContainerExpression(ExpressionCodegen.kt:587)
	at org.jetbrains.kotlin.backend.jvm.codegen.ExpressionCodegen.visitContainerExpression(ExpressionCodegen.kt:137)
	at org.jetbrains.kotlin.ir.visitors.IrElementVisitor$DefaultImpls.visitBlock(IrElementVisitor.kt:122)
	at org.jetbrains.kotlin.backend.jvm.codegen.ExpressionCodegen.visitBlock(ExpressionCodegen.kt:407)
	at org.jetbrains.kotlin.backend.jvm.codegen.ExpressionCodegen.visitBlock(ExpressionCodegen.kt:137)
	at org.jetbrains.kotlin.ir.expressions.IrBlock.accept(IrBlock.kt:18)
	at org.jetbrains.kotlin.backend.jvm.codegen.ExpressionCodegen.visitWhen(ExpressionCodegen.kt:1095)
	at org.jetbrains.kotlin.backend.jvm.codegen.ExpressionCodegen.visitWhen(ExpressionCodegen.kt:137)
	at org.jetbrains.kotlin.ir.expressions.IrWhen.accept(IrWhen.kt:24)
	at org.jetbrains.kotlin.backend.jvm.codegen.ExpressionCodegen.visitStatementContainer(ExpressionCodegen.kt:573)
	at org.jetbrains.kotlin.backend.jvm.codegen.ExpressionCodegen.visitBlockBody(ExpressionCodegen.kt:578)
	at org.jetbrains.kotlin.backend.jvm.codegen.ExpressionCodegen.visitBlockBody(ExpressionCodegen.kt:137)
	at org.jetbrains.kotlin.ir.expressions.IrBlockBody.accept(IrBlockBody.kt:20)
	at org.jetbrains.kotlin.backend.jvm.codegen.ExpressionCodegen.generate(ExpressionCodegen.kt:239)
	at org.jetbrains.kotlin.backend.jvm.codegen.FunctionCodegen.doGenerate(FunctionCodegen.kt:121)
	at org.jetbrains.kotlin.backend.jvm.codegen.FunctionCodegen.generate(FunctionCodegen.kt:46)
	... 131 more
Caused by: java.lang.OutOfMemoryError: GC overhead limit exceeded
	at org.jetbrains.org.objectweb.asm.tree.MethodNode.visitLocalVariable(MethodNode.java:482)
	at org.jetbrains.org.objectweb.asm.MethodVisitor.visitLocalVariable(MethodVisitor.java:708)
	at org.jetbrains.kotlin.codegen.inline.MaxLocalsCalculator.visitLocalVariable(MaxLocalsCalculator.java:64)
	at org.jetbrains.org.objectweb.asm.MethodVisitor.visitLocalVariable(MethodVisitor.java:708)
	at org.jetbrains.org.objectweb.asm.commons.LocalVariablesSorter.visitLocalVariable(LocalVariablesSorter.java:160)
	at org.jetbrains.org.objectweb.asm.MethodVisitor.visitLocalVariable(MethodVisitor.java:708)
	at org.jetbrains.org.objectweb.asm.tree.LocalVariableNode.accept(LocalVariableNode.java:89)
	at org.jetbrains.org.objectweb.asm.tree.MethodNode.accept(MethodNode.java:755)
	at org.jetbrains.kotlin.codegen.inline.MethodInliner.doInline(MethodInliner.kt:137)
	at org.jetbrains.kotlin.codegen.inline.MethodInliner.access$doInline(MethodInliner.kt:41)
	at org.jetbrains.kotlin.codegen.inline.MethodInliner$doInline$lambdaInliner$1.visitMethodInsn(MethodInliner.kt:341)
	at org.jetbrains.org.objectweb.asm.tree.MethodInsnNode.accept(MethodInsnNode.java:115)
	at org.jetbrains.org.objectweb.asm.tree.InsnList.accept(InsnList.java:144)
	at org.jetbrains.org.objectweb.asm.tree.MethodNode.accept(MethodNode.java:751)
	at org.jetbrains.kotlin.codegen.inline.MethodInliner.doInline(MethodInliner.kt:421)
	at org.jetbrains.kotlin.codegen.inline.MethodInliner.doInline(MethodInliner.kt:98)
	at org.jetbrains.kotlin.codegen.inline.MethodInliner.doInline(MethodInliner.kt:72)
	at org.jetbrains.kotlin.codegen.inline.InlineCodegen.inlineCall(InlineCodegen.kt:127)
	at org.jetbrains.kotlin.codegen.inline.InlineCodegen.performInline(InlineCodegen.kt:52)
	at org.jetbrains.kotlin.backend.jvm.codegen.IrInlineCodegen.genInlineCall(IrInlineCodegen.kt:162)
	at org.jetbrains.kotlin.backend.jvm.codegen.IrInlineCallGenerator.genCall(IrInlineCallGenerator.kt:36)
	at org.jetbrains.kotlin.backend.jvm.codegen.ExpressionCodegen.visitCall(ExpressionCodegen.kt:647)
	at org.jetbrains.kotlin.backend.jvm.codegen.ExpressionCodegen.visitCall(ExpressionCodegen.kt:137)
	at org.jetbrains.kotlin.ir.expressions.IrCall.accept(IrCall.kt:24)
	at org.jetbrains.kotlin.backend.jvm.codegen.ExpressionCodegen.visitStatementContainer(ExpressionCodegen.kt:573)
	at org.jetbrains.kotlin.backend.jvm.codegen.ExpressionCodegen.visitContainerExpression(ExpressionCodegen.kt:587)
	at org.jetbrains.kotlin.backend.jvm.codegen.ExpressionCodegen.visitContainerExpression(ExpressionCodegen.kt:137)
	at org.jetbrains.kotlin.ir.visitors.IrElementVisitor$DefaultImpls.visitBlock(IrElementVisitor.kt:122)
	at org.jetbrains.kotlin.backend.jvm.codegen.ExpressionCodegen.visitBlock(ExpressionCodegen.kt:407)
	at org.jetbrains.kotlin.backend.jvm.codegen.ExpressionCodegen.visitBlock(ExpressionCodegen.kt:137)
	at org.jetbrains.kotlin.ir.expressions.IrBlock.accept(IrBlock.kt:18)
	at org.jetbrains.kotlin.backend.jvm.codegen.ExpressionCodegen.visitStatementContainer(ExpressionCodegen.kt:573)


